2025-03-20 20:49:11,582 [INFO] Activator:176 - 


2025-03-20 20:49:11,583 [INFO] Activator:177 - !SESSION log4j initialized
2025-03-20 20:49:13,223 [INFO] LogOutputStream:77 - [STDOUT_REDIRECT] 
2025-03-20 20:49:14,593 [INFO] ApplicationProperties:184 - Using Application install path: /opt/stm32cubeide/plugins/com.st.stm32cube.common.mx_6.14.0.202502271554
2025-03-20 20:49:14,603 [INFO] DbMcusXml:78 - Set database path to: /opt/stm32cubeide/plugins/com.st.stm32cube.common.mx_6.14.0.202502271554//db//mcu/
2025-03-20 20:49:14,604 [INFO] ApiDb:274 - Set plugin database path to: /opt/stm32cubeide/plugins/com.st.stm32cube.common.mx_6.14.0.202502271554//db//plugins/boardmanager/
2025-03-20 20:49:14,604 [WARN] ApiDb:259 - Overriding images path with different value:  => /opt/stm32cubeide/plugins/com.st.stm32cube.common.mx_6.14.0.202502271554//db//plugins/mcufinder/images/
2025-03-20 20:49:14,606 [INFO] ApiDb:250 - Set database path to: /home/senyaa/.stmcufinder/plugins/mcufinder//mcu/
2025-03-20 20:49:14,607 [INFO] DbMcusAds:125 - Set database path to: /home/senyaa/.stmcufinder/plugins/mcufinder//mcu/
2025-03-20 20:49:14,608 [INFO] CrossReferenceDbSqlite:203 - Set database path to: /home/senyaa/.stmcufinder/plugins/mcufinder//mcu/cs/
2025-03-20 20:49:14,683 [INFO] RulesReader:64 - Compatibility file has been processed (301 Rules)
2025-03-20 20:49:14,716 [INFO] DbMcusXml:78 - Set database path to: /opt/stm32cubeide/plugins/com.st.stm32cube.common.mx_6.14.0.202502271554//db//mcu/
2025-03-20 20:49:14,716 [INFO] ApiDb:274 - Set plugin database path to: /opt/stm32cubeide/plugins/com.st.stm32cube.common.mx_6.14.0.202502271554//db//plugins/boardmanager/
2025-03-20 20:49:14,716 [INFO] ApiDb:261 - Set plugin images path to: /opt/stm32cubeide/plugins/com.st.stm32cube.common.mx_6.14.0.202502271554//db//plugins/mcufinder/images/
2025-03-20 20:49:14,716 [WARN] DbFile:41 - Overriding database path with different value: /home/senyaa/.stmcufinder/plugins/mcufinder/ => /home/senyaa/.stmcufinder/plugins/mcufinder
2025-03-20 20:49:14,716 [INFO] ApiDb:250 - Set database path to: /home/senyaa/.stmcufinder/plugins/mcufinder//mcu/
2025-03-20 20:49:14,716 [WARN] DbFile:41 - Overriding database path with different value: /home/senyaa/.stmcufinder/plugins/mcufinder/ => /home/senyaa/.stmcufinder/plugins/mcufinder
2025-03-20 20:49:14,716 [INFO] DbMcusAds:125 - Set database path to: /home/senyaa/.stmcufinder/plugins/mcufinder//mcu/
2025-03-20 20:49:14,716 [WARN] DbFile:41 - Overriding database path with different value: /home/senyaa/.stmcufinder/plugins/mcufinder/ => /home/senyaa/.stmcufinder/plugins/mcufinder
2025-03-20 20:49:14,717 [WARN] DbFile:41 - Overriding database path with different value: /home/senyaa/.stmcufinder/plugins/mcufinder/ => /home/senyaa/.stmcufinder/plugins/mcufinder
2025-03-20 20:49:14,717 [INFO] CrossReferenceDbSqlite:203 - Set database path to: /home/senyaa/.stmcufinder/plugins/mcufinder//mcu/cs/
2025-03-20 20:49:14,751 [INFO] MainPanel:272 - HeapMemory: 268435456
2025-03-20 20:49:14,817 [INFO] DbMcusXml:78 - Set database path to: /opt/stm32cubeide/plugins/com.st.stm32cube.common.mx_6.14.0.202502271554//db//mcu/
2025-03-20 20:49:14,817 [INFO] ApiDb:274 - Set plugin database path to: /opt/stm32cubeide/plugins/com.st.stm32cube.common.mx_6.14.0.202502271554//db//plugins/boardmanager/
2025-03-20 20:49:14,817 [INFO] ApiDb:261 - Set plugin images path to: /opt/stm32cubeide/plugins/com.st.stm32cube.common.mx_6.14.0.202502271554//db//plugins/mcufinder/images/
2025-03-20 20:49:14,817 [WARN] DbFile:41 - Overriding database path with different value: /home/senyaa/.stmcufinder/plugins/mcufinder/ => /home/senyaa/.stmcufinder/plugins/mcufinder
2025-03-20 20:49:14,817 [INFO] ApiDb:250 - Set database path to: /home/senyaa/.stmcufinder/plugins/mcufinder//mcu/
2025-03-20 20:49:14,817 [WARN] DbFile:41 - Overriding database path with different value: /home/senyaa/.stmcufinder/plugins/mcufinder/ => /home/senyaa/.stmcufinder/plugins/mcufinder
2025-03-20 20:49:14,817 [INFO] DbMcusAds:125 - Set database path to: /home/senyaa/.stmcufinder/plugins/mcufinder//mcu/
2025-03-20 20:49:14,817 [WARN] DbFile:41 - Overriding database path with different value: /home/senyaa/.stmcufinder/plugins/mcufinder/ => /home/senyaa/.stmcufinder/plugins/mcufinder
2025-03-20 20:49:14,818 [WARN] DbFile:41 - Overriding database path with different value: /home/senyaa/.stmcufinder/plugins/mcufinder/ => /home/senyaa/.stmcufinder/plugins/mcufinder
2025-03-20 20:49:14,818 [INFO] CrossReferenceDbSqlite:203 - Set database path to: /home/senyaa/.stmcufinder/plugins/mcufinder//mcu/cs/
2025-03-20 20:49:14,827 [INFO] ApplicationProperties:184 - Using Application install path: /opt/stm32cubeide/plugins/com.st.stm32cube.common.mx_6.14.0.202502271554
2025-03-20 20:49:14,828 [INFO] PluginManage:196 - Search for loadable plugins [exclusion list=, ]
2025-03-20 20:49:14,828 [INFO] PluginManage:310 - Check plugin analytics
2025-03-20 20:49:14,952 [INFO] AnalyticsPlugin:253 - Accepted Software Licenses: 
2025-03-20 20:49:14,952 [INFO] AnalyticsPlugin:255 - Accepted CMSIS Pack Licenses: 
2025-03-20 20:49:14,952 [INFO] AnalyticsPlugin:257 - Accepted Firmware Licenses: FW.F4.1.28.0
2025-03-20 20:49:14,954 [INFO] PluginManage:359 - Loaded plugin analytics (category:tool,tabindex:-1)
2025-03-20 20:49:14,954 [INFO] PluginManage:310 - Check plugin cadmodel
2025-03-20 20:49:14,956 [INFO] CADModel:105 - Init CAD model plugin
2025-03-20 20:49:14,956 [INFO] PluginManage:359 - Loaded plugin cadmodel (category:power,tabindex:5)
2025-03-20 20:49:14,957 [INFO] PluginManage:310 - Check plugin clock
2025-03-20 20:49:14,962 [INFO] PluginManage:359 - Loaded plugin clock (category:base,tabindex:2)
2025-03-20 20:49:14,962 [INFO] PluginManage:310 - Check plugin ddr
2025-03-20 20:49:14,963 [INFO] PluginManage:359 - Loaded plugin ddr (category:tool,tabindex:6)
2025-03-20 20:49:14,963 [INFO] PluginManage:310 - Check plugin filemanager
2025-03-20 20:49:15,117 [INFO] PluginManage:359 - Loaded plugin filemanager (category:base,tabindex:10)
2025-03-20 20:49:15,117 [INFO] PluginManage:310 - Check plugin ipmanager
2025-03-20 20:49:15,121 [INFO] PluginManage:359 - Loaded plugin ipmanager (category:base,tabindex:5)
2025-03-20 20:49:15,121 [INFO] PluginManage:310 - Check plugin lpbam
2025-03-20 20:49:15,126 [INFO] PluginManage:359 - Loaded plugin lpbam (category:base,tabindex:0)
2025-03-20 20:49:15,127 [INFO] PluginManage:310 - Check plugin memorymap
2025-03-20 20:49:15,134 [INFO] PluginManage:359 - Loaded plugin memorymap (category:base,tabindex:4)
2025-03-20 20:49:15,134 [INFO] PluginManage:310 - Check plugin pinoutandconfiguration
2025-03-20 20:49:15,139 [INFO] PluginManage:359 - Loaded plugin pinoutandconfiguration (category:base,tabindex:1)
2025-03-20 20:49:15,139 [INFO] PluginManage:310 - Check plugin pinoutconfig
2025-03-20 20:49:15,192 [WARN] SupportedApi:132 - Cannot load RTOS API schema: s4s-elt-must-match.1: The content of 'definitions' must match (annotation?, (simpleType | complexType)?, (unique | key | keyref)*)). A problem was found starting at: attribute.
2025-03-20 20:49:15,270 [INFO] PluginManage:359 - Loaded plugin pinoutconfig (category:base,tabindex:0)
2025-03-20 20:49:15,271 [INFO] PluginManage:310 - Check plugin power
2025-03-20 20:49:15,275 [INFO] PluginManage:359 - Loaded plugin power (category:power,tabindex:4)
2025-03-20 20:49:15,275 [INFO] PluginManage:310 - Check plugin projectmanager
2025-03-20 20:49:15,285 [INFO] PluginManage:359 - Loaded plugin projectmanager (category:projectmanager,tabindex:4)
2025-03-20 20:49:15,285 [INFO] PluginManage:310 - Check plugin rif
2025-03-20 20:49:15,289 [INFO] PluginManage:359 - Loaded plugin rif (category:base,tabindex:3)
2025-03-20 20:49:15,289 [INFO] PluginManage:310 - Check plugin thirdparty
2025-03-20 20:49:15,362 [INFO] PluginManage:359 - Loaded plugin thirdparty (category:base,tabindex:-1)
2025-03-20 20:49:15,362 [INFO] PluginManage:310 - Check plugin tools
2025-03-20 20:49:15,362 [WARN] IntegrityCheckThread:84 - waiting for thirdparty lock release [integrity check]
2025-03-20 20:49:15,362 [INFO] IntegrityCheckThread:86 - entering critical section [integrity check]
2025-03-20 20:49:15,362 [INFO] ThirdPartyUpdaterWithRetryManager:70 - Updater plugin not ready yet. [1/15]
2025-03-20 20:49:15,363 [INFO] PluginManage:359 - Loaded plugin tools (category:base,tabindex:7)
2025-03-20 20:49:15,363 [INFO] PluginManage:310 - Check plugin tutovideos
2025-03-20 20:49:15,460 [INFO] PluginManage:359 - Loaded plugin tutovideos (category:base,tabindex:-1)
2025-03-20 20:49:15,460 [INFO] PluginManage:310 - Check plugin updater
2025-03-20 20:49:15,478 [INFO] PluginManage:359 - Loaded plugin updater (category:base,tabindex:12)
2025-03-20 20:49:15,478 [INFO] PluginManage:310 - Check plugin userauth
2025-03-20 20:49:15,480 [INFO] UserAuth:118 - Init User Auth plugin
2025-03-20 20:49:15,481 [INFO] PluginManage:359 - Loaded plugin userauth (category:base,tabindex:14)
2025-03-20 20:49:15,481 [INFO] PluginManage:283 - PluginManage : Loaded plugins [18]
2025-03-20 20:49:15,594 [INFO] PinOutPanel:1589 - setPackage(No Configuration,No Configuration)
2025-03-20 20:49:15,633 [INFO] CADModel:165 - CPN selected for project level
2025-03-20 20:49:15,634 [INFO] CADModel:114 - Register for checkConnection events
2025-03-20 20:49:15,638 [INFO] IPUIPlugin:80 - create IPUIPlugin
2025-03-20 20:49:15,639 [INFO] PluginManager:220 - loadIPPluginJar : add nvic
2025-03-20 20:49:15,641 [INFO] IPUIPlugin:80 - create IPUIPlugin
2025-03-20 20:49:15,641 [INFO] PluginManager:220 - loadIPPluginJar : add openamp
2025-03-20 20:49:15,646 [INFO] IPUIPlugin:80 - create IPUIPlugin
2025-03-20 20:49:15,646 [INFO] PluginManager:220 - loadIPPluginJar : add stm32_wpan
2025-03-20 20:49:15,648 [INFO] IPUIPlugin:80 - create IPUIPlugin
2025-03-20 20:49:15,648 [INFO] PluginManager:220 - loadIPPluginJar : add dma
2025-03-20 20:49:15,649 [INFO] IPUIPlugin:80 - create IPUIPlugin
2025-03-20 20:49:15,649 [INFO] PluginManager:220 - loadIPPluginJar : add i2s
2025-03-20 20:49:15,650 [INFO] IPUIPlugin:80 - create IPUIPlugin
2025-03-20 20:49:15,650 [INFO] PluginManager:220 - loadIPPluginJar : add aes
2025-03-20 20:49:15,651 [INFO] IPUIPlugin:80 - create IPUIPlugin
2025-03-20 20:49:15,651 [INFO] PluginManager:220 - loadIPPluginJar : add radio
2025-03-20 20:49:15,652 [INFO] IPUIPlugin:80 - create IPUIPlugin
2025-03-20 20:49:15,653 [INFO] PluginManager:220 - loadIPPluginJar : add sai
2025-03-20 20:49:15,654 [INFO] IPUIPlugin:80 - create IPUIPlugin
2025-03-20 20:49:15,654 [INFO] PluginManager:220 - loadIPPluginJar : add gtzc
2025-03-20 20:49:15,654 [INFO] IPUIPlugin:80 - create IPUIPlugin
2025-03-20 20:49:15,654 [INFO] PluginManager:220 - loadIPPluginJar : add comp
2025-03-20 20:49:15,657 [INFO] IPUIPlugin:80 - create IPUIPlugin
2025-03-20 20:49:15,658 [INFO] PluginManager:220 - loadIPPluginJar : add mdma
2025-03-20 20:49:15,658 [INFO] IPUIPlugin:80 - create IPUIPlugin
2025-03-20 20:49:15,658 [INFO] PluginManager:220 - loadIPPluginJar : add tsc
2025-03-20 20:49:15,659 [INFO] IPUIPlugin:80 - create IPUIPlugin
2025-03-20 20:49:15,659 [INFO] PluginManager:220 - loadIPPluginJar : add ddr_ctrl_phy
2025-03-20 20:49:15,660 [INFO] IPUIPlugin:80 - create IPUIPlugin
2025-03-20 20:49:15,660 [INFO] PluginManager:220 - loadIPPluginJar : add gfxmmu
2025-03-20 20:49:15,662 [INFO] IPUIPlugin:80 - create IPUIPlugin
2025-03-20 20:49:15,663 [INFO] PluginManager:220 - loadIPPluginJar : add gic
2025-03-20 20:49:15,664 [INFO] IPUIPlugin:80 - create IPUIPlugin
2025-03-20 20:49:15,664 [INFO] PluginManager:220 - loadIPPluginJar : add usbx
2025-03-20 20:49:15,665 [INFO] IPUIPlugin:80 - create IPUIPlugin
2025-03-20 20:49:15,665 [INFO] PluginManager:220 - loadIPPluginJar : add dma3
2025-03-20 20:49:15,665 [INFO] IPUIPlugin:80 - create IPUIPlugin
2025-03-20 20:49:15,665 [INFO] PluginManager:220 - loadIPPluginJar : add genericplugin
2025-03-20 20:49:15,666 [INFO] IPUIPlugin:80 - create IPUIPlugin
2025-03-20 20:49:15,666 [INFO] PluginManager:220 - loadIPPluginJar : add ts
2025-03-20 20:49:15,667 [INFO] IPUIPlugin:80 - create IPUIPlugin
2025-03-20 20:49:15,667 [INFO] PluginManager:220 - loadIPPluginJar : add cryp
2025-03-20 20:49:15,668 [INFO] IPUIPlugin:80 - create IPUIPlugin
2025-03-20 20:49:15,668 [INFO] PluginManager:220 - loadIPPluginJar : add i3c
2025-03-20 20:49:15,669 [INFO] IPUIPlugin:80 - create IPUIPlugin
2025-03-20 20:49:15,670 [INFO] PluginManager:220 - loadIPPluginJar : add pdm2pcm
2025-03-20 20:49:15,672 [INFO] IPUIPlugin:80 - create IPUIPlugin
2025-03-20 20:49:15,672 [INFO] PluginManager:220 - loadIPPluginJar : add gpio
2025-03-20 20:49:15,673 [INFO] IPUIPlugin:80 - create IPUIPlugin
2025-03-20 20:49:15,673 [INFO] PluginManager:220 - loadIPPluginJar : add tim
2025-03-20 20:49:15,674 [INFO] IPUIPlugin:80 - create IPUIPlugin
2025-03-20 20:49:15,674 [INFO] PluginManager:220 - loadIPPluginJar : add usart
2025-03-20 20:49:15,675 [INFO] IPUIPlugin:80 - create IPUIPlugin
2025-03-20 20:49:15,675 [INFO] PluginManager:220 - loadIPPluginJar : add resmgrutility
2025-03-20 20:49:15,676 [INFO] IPUIPlugin:80 - create IPUIPlugin
2025-03-20 20:49:15,676 [INFO] PluginManager:220 - loadIPPluginJar : add ltdc
2025-03-20 20:49:15,678 [INFO] IPUIPlugin:80 - create IPUIPlugin
2025-03-20 20:49:15,678 [INFO] PluginManager:220 - loadIPPluginJar : add touchsensing
2025-03-20 20:49:15,678 [INFO] IPUIPlugin:80 - create IPUIPlugin
2025-03-20 20:49:15,678 [INFO] PluginManager:220 - loadIPPluginJar : add quadspi
2025-03-20 20:49:15,679 [INFO] IPUIPlugin:80 - create IPUIPlugin
2025-03-20 20:49:15,679 [INFO] PluginManager:220 - loadIPPluginJar : add spi
2025-03-20 20:49:15,681 [INFO] IPUIPlugin:80 - create IPUIPlugin
2025-03-20 20:49:15,681 [INFO] PluginManager:220 - loadIPPluginJar : add ipddr
2025-03-20 20:49:15,682 [INFO] IPUIPlugin:80 - create IPUIPlugin
2025-03-20 20:49:15,682 [INFO] PluginManager:220 - loadIPPluginJar : add extmemmanager
2025-03-20 20:49:15,683 [INFO] IPUIPlugin:80 - create IPUIPlugin
2025-03-20 20:49:15,683 [INFO] PluginManager:220 - loadIPPluginJar : add hash
2025-03-20 20:49:15,684 [INFO] IPUIPlugin:80 - create IPUIPlugin
2025-03-20 20:49:15,684 [INFO] PluginManager:220 - loadIPPluginJar : add i2c
2025-03-20 20:49:15,685 [INFO] IPUIPlugin:80 - create IPUIPlugin
2025-03-20 20:49:15,685 [INFO] PluginManager:220 - loadIPPluginJar : add lorawan
2025-03-20 20:49:15,686 [INFO] IPUIPlugin:80 - create IPUIPlugin
2025-03-20 20:49:15,686 [INFO] PluginManager:220 - loadIPPluginJar : add tracer_emb
2025-03-20 20:49:15,689 [INFO] IPUIPlugin:80 - create IPUIPlugin
2025-03-20 20:49:15,690 [INFO] PluginManager:220 - loadIPPluginJar : add adc
2025-03-20 20:49:15,690 [INFO] IPUIPlugin:80 - create IPUIPlugin
2025-03-20 20:49:15,690 [INFO] PluginManager:220 - loadIPPluginJar : add fatfs
2025-03-20 20:49:15,692 [INFO] IPUIPlugin:80 - create IPUIPlugin
2025-03-20 20:49:15,692 [INFO] PluginManager:220 - loadIPPluginJar : add opamp
2025-03-20 20:49:15,695 [INFO] IPUIPlugin:80 - create IPUIPlugin
2025-03-20 20:49:15,696 [INFO] PluginManager:220 - loadIPPluginJar : add plateformsettings
2025-03-20 20:49:15,700 [INFO] IPUIPlugin:80 - create IPUIPlugin
2025-03-20 20:49:15,700 [INFO] PluginManager:220 - loadIPPluginJar : add linkedlist
2025-03-20 20:49:15,701 [INFO] IPUIPlugin:80 - create IPUIPlugin
2025-03-20 20:49:15,702 [INFO] PluginManager:220 - loadIPPluginJar : add fmc
2025-03-20 20:49:15,703 [INFO] IPUIPlugin:80 - create IPUIPlugin
2025-03-20 20:49:15,703 [INFO] PluginManager:220 - loadIPPluginJar : add dfsdm
2025-03-20 20:49:15,706 [INFO] IPUIPlugin:80 - create IPUIPlugin
2025-03-20 20:49:15,706 [INFO] PluginManager:220 - loadIPPluginJar : add freertos
2025-03-20 20:49:15,708 [INFO] IPUIPlugin:80 - create IPUIPlugin
2025-03-20 20:49:15,708 [INFO] PluginManager:220 - loadIPPluginJar : add can
2025-03-20 20:49:15,708 [INFO] IPUIPlugin:80 - create IPUIPlugin
2025-03-20 20:49:15,708 [INFO] PluginManager:220 - loadIPPluginJar : add ucpd
2025-03-20 20:49:15,800 [FATAL] Updater:351 - Updater called before beeing initialized
2025-03-20 20:49:15,817 [INFO] RulesReader:64 - Compatibility file has been processed (301 Rules)
2025-03-20 20:49:15,825 [INFO] RulesReader:64 - Compatibility file has been processed (301 Rules)
2025-03-20 20:49:15,829 [INFO] CADModel:165 - CPN selected for project level
2025-03-20 20:49:15,829 [INFO] CADModel:114 - Register for checkConnection events
2025-03-20 20:49:15,829 [FATAL] Updater:351 - Updater called before beeing initialized
2025-03-20 20:49:15,829 [ERROR] CADModel:125 - Updater not yet initialized, retry later 
2025-03-20 20:49:15,905 [FATAL] Updater:351 - Updater called before beeing initialized
2025-03-20 20:49:15,906 [INFO] CADModel:165 - CPN selected for project level
2025-03-20 20:49:15,906 [INFO] CADModel:114 - Register for checkConnection events
2025-03-20 20:49:15,906 [FATAL] Updater:351 - Updater called before beeing initialized
2025-03-20 20:49:15,906 [ERROR] CADModel:125 - Updater not yet initialized, retry later 
2025-03-20 20:49:15,909 [FATAL] Updater:351 - Updater called before beeing initialized
2025-03-20 20:49:15,972 [FATAL] Updater:351 - Updater called before beeing initialized
2025-03-20 20:49:15,975 [INFO] DbMcusAds:53 - JSON generation date=Thu Sep 30 08:55:09 CEST 2021 (1632984909247)
2025-03-20 20:49:15,975 [FATAL] Updater:351 - Updater called before beeing initialized
2025-03-20 20:49:15,998 [WARN] DetailPanel:346 - Failed to get advertising image, set to default
2025-03-20 20:49:16,193 [FATAL] Updater:351 - Updater called before beeing initialized
2025-03-20 20:49:16,194 [FATAL] Updater:351 - Updater called before beeing initialized
2025-03-20 20:49:16,194 [FATAL] Updater:351 - Updater called before beeing initialized
2025-03-20 20:49:16,195 [WARN] DetailPanel:346 - Failed to get advertising image, set to default
2025-03-20 20:49:16,195 [FATAL] Updater:351 - Updater called before beeing initialized
2025-03-20 20:49:16,215 [ERROR] Updater:1198 - MainUpdater not yet initialized. External WinMGr cannot be set.
2025-03-20 20:49:16,216 [INFO] Updater:1134 - Updater Version found : 6.14.0
2025-03-20 20:49:16,226 [INFO] ApplicationProperties:184 - Using Application install path: /opt/stm32cubeide/plugins/com.st.stm32cube.common.mx_6.14.0.202502271554
2025-03-20 20:49:16,438 [INFO] MainUpdater:2872 - connection check result : 10
2025-03-20 20:49:16,438 [INFO] MainUpdater:289 - Updater Check For Update Now.
2025-03-20 20:49:16,438 [INFO] MicroXplorer:498 - Change Database Version : DB.6.0.140
2025-03-20 20:49:16,441 [INFO] McuFinderGlobals:63 - Set McuFinder mode to 2 (CubeIDE integrated)
2025-03-20 20:49:16,446 [INFO] UserAuth:486 - Internet connection configuration mode: 1
2025-03-20 20:49:16,457 [INFO] JxBrowserEngine:152 - Initiate JxBrowser Engine with user profile folder
2025-03-20 20:49:16,601 [INFO] CheckServerUpdateThread:120 - End of CheckServer Thread
2025-03-20 20:49:17,369 [INFO] WebApp:169 - Instantiating new browser for Auth
2025-03-20 20:49:17,955 [INFO] WebApp:463 - Apply proxy settings
2025-03-20 20:49:17,955 [INFO] WebApp:548 - Chromium requires no authentication
2025-03-20 20:49:17,963 [INFO] WebApp:491 - Direct internet connection detected
2025-03-20 20:49:17,977 [INFO] WebApp:894 - Register for checkConnection events
2025-03-20 20:49:17,977 [INFO] WebApp:463 - Apply proxy settings
2025-03-20 20:49:17,977 [INFO] WebApp:548 - Chromium requires no authentication
2025-03-20 20:49:17,978 [INFO] WebApp:491 - Direct internet connection detected
2025-03-20 20:49:18,086 [INFO] WebApp:225 - Starting web application
2025-03-20 20:49:18,087 [INFO] WebApp:593 - Web application path used /opt/stm32cubeide/plugins/com.st.stm32cube.common.mx_6.14.0.202502271554/db/plugins/mcufinder/reactClient1/index.html
2025-03-20 20:49:18,167 [INFO] UserAuth:486 - Internet connection configuration mode: 1
2025-03-20 20:49:18,239 [INFO] WebApp:191 - Connection restablished
2025-03-20 20:49:18,471 [WARN] PackLoader:240 - Cannot read IP mode file for STMicroelectronics.FP-SNS-MOTENVWB1.1.4.0
2025-03-20 20:49:18,478 [WARN] PackLoader:240 - Cannot read IP mode file for STMicroelectronics.FP-ATR-ASTRA1.2.0.2
2025-03-20 20:49:18,483 [WARN] PackLoader:240 - Cannot read IP mode file for STMicroelectronics.FP-ATR-ASTRA1.2.0.1
2025-03-20 20:49:18,489 [WARN] PackLoader:240 - Cannot read IP mode file for STMicroelectronics.X-CUBE-SMBUS.2.1.0
2025-03-20 20:49:18,498 [WARN] PackLoader:240 - Cannot read IP mode file for STMicroelectronics.X-CUBE-WB05N.1.1.0
2025-03-20 20:49:18,531 [WARN] PackLoader:240 - Cannot read IP mode file for STMicroelectronics.X-CUBE-AZRTOS-F7.1.1.0
2025-03-20 20:49:18,538 [WARN] PackLoader:240 - Cannot read IP mode file for STMicroelectronics.FP-SNS-FLIGHT1.5.0.2
2025-03-20 20:49:18,569 [WARN] PackLoader:240 - Cannot read IP mode file for Infineon.AIROC-Wi-Fi-Bluetooth-STM32.1.7.0
2025-03-20 20:49:18,582 [WARN] PackLoader:240 - Cannot read IP mode file for STMicroelectronics.X-CUBE-DISPLAY.3.0.0
2025-03-20 20:49:18,592 [WARN] PackLoader:240 - Cannot read IP mode file for STMicroelectronics.X-CUBE-BLE1.7.0.0
2025-03-20 20:49:18,597 [WARN] PackLoader:240 - Cannot read IP mode file for STMicroelectronics.X-CUBE-NFC10.1.0.0
2025-03-20 20:49:18,609 [WARN] PackLoader:240 - Cannot read IP mode file for STMicroelectronics.X-CUBE-BLEMGR.4.0.0
2025-03-20 20:49:18,617 [WARN] PackLoader:240 - Cannot read IP mode file for emotas.I-CUBE-CANOPEN.1.3.0
2025-03-20 20:49:18,619 [WARN] PackLoader:240 - Cannot read IP mode file for STMicroelectronics.X-CUBE-AI.10.0.0
2025-03-20 20:49:18,622 [WARN] PackLoader:240 - Cannot read IP mode file for STMicroelectronics.FP-SNS-SMARTAG2.1.2.0
2025-03-20 20:49:18,624 [WARN] PackLoader:240 - Cannot read IP mode file for STMicroelectronics.FP-SNS-FLIGHT1.5.1.0
2025-03-20 20:49:18,671 [WARN] PackLoader:240 - Cannot read IP mode file for STMicroelectronics.X-CUBE-MEMS1.11.1.0
2025-03-20 20:49:18,784 [INFO] LogOutputStream:77 - [STDOUT_REDIRECT] 1 : Invalid condition id : UX_CORESTACK_Condition cause : null
2025-03-20 20:49:18,785 [INFO] LogOutputStream:77 - [STDOUT_REDIRECT] 1 : Invalid condition id : UX_CORESTACK_Condition cause : null
2025-03-20 20:49:18,785 [INFO] LogOutputStream:77 - [STDOUT_REDIRECT] 1 : Invalid condition id : UX_CORESTACK_Condition cause : null
2025-03-20 20:49:18,785 [INFO] LogOutputStream:77 - [STDOUT_REDIRECT] 1 : Invalid condition id : UX_CORESTACK_Condition cause : null
2025-03-20 20:49:18,785 [INFO] LogOutputStream:77 - [STDOUT_REDIRECT] 1 : Invalid condition id : UX_CORESTACK_Condition cause : null
2025-03-20 20:49:18,787 [WARN] PackLoader:240 - Cannot read IP mode file for STMicroelectronics.X-CUBE-AZRTOS-WL.2.0.0
2025-03-20 20:49:18,790 [WARN] PackLoader:240 - Cannot read IP mode file for STMicroelectronics.FP-SNS-MOTENV1.5.0.0
2025-03-20 20:49:18,794 [WARN] PackLoader:240 - Cannot read IP mode file for WES.I-CUBE-Cesium.1.3.0
2025-03-20 20:49:18,797 [WARN] PackLoader:240 - Cannot read IP mode file for STMicroelectronics.X-CUBE-BLE2.3.3.0
2025-03-20 20:49:18,800 [WARN] PackLoader:240 - Cannot read IP mode file for STMicroelectronics.X-CUBE-NFC9.1.0.0
2025-03-20 20:49:18,803 [WARN] PackLoader:240 - Cannot read IP mode file for STMicroelectronics.X-CUBE-BLE1.7.1.0
2025-03-20 20:49:18,805 [WARN] PackLoader:240 - Cannot read IP mode file for wolfSSL.I-CUBE-wolfMQTT.1.19.2
2025-03-20 20:49:18,814 [WARN] PackLoader:240 - Cannot read IP mode file for STMicroelectronics.X-CUBE-AZRTOS-G0.1.1.0
2025-03-20 20:49:18,818 [WARN] PackLoader:240 - Cannot read IP mode file for STMicroelectronics.X-CUBE-SAFEA1.1.2.2
2025-03-20 20:49:18,821 [WARN] PackLoader:240 - Cannot read IP mode file for STMicroelectronics.X-CUBE-NFC4.3.0.0
2025-03-20 20:49:18,827 [WARN] PackLoader:240 - Cannot read IP mode file for EmbeddedOffice.I-CUBE-FS-RTOS.1.0.1
2025-03-20 20:49:18,829 [WARN] PackLoader:240 - Cannot read IP mode file for wolfSSL.I-CUBE-wolfTPM.3.8.0
2025-03-20 20:49:18,832 [WARN] PackLoader:240 - Cannot read IP mode file for STMicroelectronics.X-CUBE-TCPP.4.2.0
2025-03-20 20:49:18,835 [WARN] PackLoader:240 - Cannot read IP mode file for RealThread.X-CUBE-RT-Thread_Nano.4.1.1
2025-03-20 20:49:18,837 [WARN] PackLoader:240 - Cannot read IP mode file for STMicroelectronics.FP-ATR-SIGFOX1.3.2.0
2025-03-20 20:49:18,838 [WARN] ConditionMgr:438 - getConditionDescription Invalid condition id : Cortex-A Device cause : null
2025-03-20 20:49:18,846 [WARN] ConditionMgr:1044 - genDependencies : Invalid condition id : Cortex-A Device cause : null
2025-03-20 20:49:18,846 [WARN] ConditionMgr:1044 - genDependencies : Invalid condition id : Cortex-A Device cause : null
2025-03-20 20:49:18,846 [WARN] ConditionMgr:1044 - genDependencies : Invalid condition id : Cortex-A Device cause : null
2025-03-20 20:49:18,849 [WARN] PackLoader:240 - Cannot read IP mode file for STMicroelectronics.X-CUBE-EEPRMA1.5.1.0
2025-03-20 20:49:18,852 [WARN] PackLoader:240 - Cannot read IP mode file for wolfSSL.I-CUBE-wolfSSL.5.7.6
2025-03-20 20:49:18,854 [WARN] PackLoader:240 - Cannot read IP mode file for ITTIA_DB.I-CUBE-ITTIADB.8.9.0
2025-03-20 20:49:18,882 [WARN] PackLoader:240 - Cannot read IP mode file for SEGGER.I-CUBE-embOS.1.3.1
2025-03-20 20:49:18,944 [WARN] PackLoader:240 - Cannot read IP mode file for STMicroelectronics.X-CUBE-ALGOBUILD.1.4.0
2025-03-20 20:49:18,953 [WARN] PackLoader:240 - Cannot read IP mode file for STMicroelectronics.X-CUBE-AZRTOS-F4.1.1.0
2025-03-20 20:49:18,958 [WARN] PackLoader:240 - Cannot read IP mode file for STMicroelectronics.X-CUBE-ISPU.2.1.0
2025-03-20 20:49:18,969 [WARN] PackLoader:240 - Cannot read IP mode file for STMicroelectronics.X-CUBE-AZRTOS-L5.2.0.0
2025-03-20 20:49:18,976 [WARN] PackLoader:240 - Cannot read IP mode file for STMicroelectronics.X-CUBE-NFC6.3.1.0
2025-03-20 20:49:18,980 [WARN] PackLoader:240 - Cannot read IP mode file for STMicroelectronics.X-CUBE-DPower.1.2.0
2025-03-20 20:49:18,982 [WARN] PackLoader:240 - Cannot read IP mode file for STMicroelectronics.X-CUBE-FREERTOS.1.3.0
2025-03-20 20:49:18,984 [WARN] PackLoader:240 - Cannot read IP mode file for STMicroelectronics.X-CUBE-NFC7.1.0.1
2025-03-20 20:49:18,997 [WARN] ConditionMgr:438 - getConditionDescription Invalid condition id : LAN8742 Phy interface Condition cause : null
2025-03-20 20:49:18,997 [WARN] PackLoader:240 - Cannot read IP mode file for STMicroelectronics.X-CUBE-AZRTOS-L4.2.0.0
2025-03-20 20:49:18,998 [WARN] ConditionMgr:1044 - genDependencies : Invalid condition id : LAN8742 Phy interface Condition cause : null
2025-03-20 20:49:18,998 [WARN] ConditionMgr:1044 - genDependencies : Invalid condition id : LAN8742 Phy interface Condition cause : null
2025-03-20 20:49:18,999 [WARN] ConditionMgr:1044 - genDependencies : Invalid condition id : LAN8742 Phy interface Condition cause : null
2025-03-20 20:49:19,003 [WARN] PackLoader:240 - Cannot read IP mode file for STMicroelectronics.X-CUBE-SFXS2LP1.4.0.0
2025-03-20 20:49:19,019 [WARN] PackLoader:240 - Cannot read IP mode file for STMicroelectronics.X-CUBE-AZRTOS-H7.3.3.0
2025-03-20 20:49:19,030 [WARN] ConditionMgr:438 - getConditionDescription Invalid condition id : UX DEVICE CLASS RTOS Condition cause : null
2025-03-20 20:49:19,030 [WARN] ConditionMgr:438 - getConditionDescription Invalid condition id : UX DEVICE CLASS RTOS Condition cause : null
2025-03-20 20:49:19,031 [WARN] PackLoader:240 - Cannot read IP mode file for STMicroelectronics.X-CUBE-AZRTOS-WB.2.0.0
2025-03-20 20:49:19,032 [WARN] ConditionMgr:1044 - genDependencies : Invalid condition id : UX DEVICE CLASS RTOS Condition cause : null
2025-03-20 20:49:19,032 [WARN] ConditionMgr:1044 - genDependencies : Invalid condition id : UX DEVICE CLASS RTOS Condition cause : null
2025-03-20 20:49:19,032 [WARN] ConditionMgr:1044 - genDependencies : Invalid condition id : UX DEVICE CLASS RTOS Condition cause : null
2025-03-20 20:49:19,032 [WARN] ConditionMgr:1044 - genDependencies : Invalid condition id : UX DEVICE CLASS RTOS Condition cause : null
2025-03-20 20:49:19,032 [WARN] ConditionMgr:1044 - genDependencies : Invalid condition id : UX DEVICE CLASS RTOS Condition cause : null
2025-03-20 20:49:19,036 [WARN] PackLoader:240 - Cannot read IP mode file for STMicroelectronics.X-CUBE-GNSS1.7.0.1
2025-03-20 20:49:19,039 [WARN] PackLoader:240 - Cannot read IP mode file for STMicroelectronics.X-CUBE-TOUCHGFX.4.25.0
2025-03-20 20:49:19,107 [WARN] PackLoader:240 - Cannot read IP mode file for STMicroelectronics.FP-SNS-STBOX1.2.0.0
2025-03-20 20:49:19,114 [WARN] PackLoader:240 - Cannot read IP mode file for STMicroelectronics.X-CUBE-SUBG2.5.0.0
2025-03-20 20:49:19,128 [WARN] PackLoader:240 - Cannot read IP mode file for STMicroelectronics.X-CUBE-AZRTOS-H7RS.1.1.0
2025-03-20 20:49:19,131 [WARN] PackLoader:240 - Cannot read IP mode file for Cesanta.I-CUBE-Mongoose.7.13.0
2025-03-20 20:49:19,144 [WARN] PackLoader:240 - Cannot read IP mode file for STMicroelectronics.X-CUBE-AZRTOS-G4.2.0.0
2025-03-20 20:49:19,147 [WARN] PackLoader:240 - Cannot read IP mode file for wolfSSL.I-CUBE-wolfSSH.1.4.20
2025-03-20 20:49:19,157 [WARN] PackLoader:240 - Cannot read IP mode file for STMicroelectronics.X-CUBE-IPS.3.1.0
2025-03-20 20:49:19,162 [WARN] PackLoader:240 - Cannot read IP mode file for STMicroelectronics.X-CUBE-ALS.1.0.2
2025-03-20 20:49:19,164 [WARN] PackLoader:240 - Cannot read IP mode file for STMicroelectronics.X-CUBE-TOUCHGFX.4.24.2
2025-03-20 20:49:19,167 [WARN] PackLoader:240 - Cannot read IP mode file for portGmbH.I-Cube-SoM-uGOAL.1.1.0
2025-03-20 20:49:19,177 [WARN] PackLoader:240 - Cannot read IP mode file for STMicroelectronics.X-CUBE-AZRTOS-H7RS.1.0.0
2025-03-20 20:49:19,186 [WARN] PackLoader:240 - Cannot read IP mode file for STMicroelectronics.X-CUBE-TOF1.3.4.2
2025-03-20 20:49:19,194 [INFO] ThirdParty:978 - Integrity check success = true
2025-03-20 20:49:19,194 [INFO] IntegrityCheckThread:100 - exiting critical section [integrity check]
2025-03-20 20:49:19,194 [INFO] IntegrityCheckThread:103 - End integrity checks thread
2025-03-20 20:49:22,585 [INFO] McuFinderGlobals:63 - Set McuFinder mode to 2 (CubeIDE integrated)
2025-03-20 20:49:22,586 [INFO] MainUpdater:2872 - connection check result : 10
2025-03-20 20:49:22,587 [INFO] McuFinderGlobals:76 - Set McuFinderConnectedMode to true
2025-03-20 20:49:22,778 [INFO] ServerAccessManage:473 - Download File mcusAds.json._tmp_
2025-03-20 20:49:22,885 [INFO] LoadUrlFilesThread:156 - End of LoadUrlFiles Thread
2025-03-20 20:49:23,028 [INFO] ServerAccessManage:473 - Download File cube-finder-db.zip
2025-03-20 20:49:24,213 [ERROR] ServerAccessManage:651 - User Cancel Download : cube-finder-db.zip.
2025-03-20 20:49:24,313 [INFO] LoadUrlFilesThread:156 - End of LoadUrlFiles Thread
2025-03-20 20:49:25,200 [INFO] DbMcusAds:53 - JSON generation date=Thu Mar 06 15:54:21 CET 2025 (1741272861825)
2025-03-20 20:49:25,218 [ERROR] TargetSelectorAdapter:267 - Unable to refresh data
2025-03-20 20:49:25,394 [INFO] ApiDb:581 - Connected to CubeFinder SQLite database (/home/senyaa/.stmcufinder/plugins/mcufinder/mcu/cube-finder-db.db)
2025-03-20 20:49:25,457 [INFO] ApiDb:668 - CubeFinder database Data Model version=2.1
2025-03-20 20:49:25,457 [INFO] ApiDb:669 - CubeFinder database Configuration version=3.0.39
2025-03-20 20:49:25,457 [INFO] ApiDb:670 - CubeFinder database generation date=2025-02-18 (1739885696)
2025-03-20 20:49:25,457 [INFO] ApiDb:671 - CubeFinder database FW Pack versions=[FP-ATR-ASTRA1_V2.0.0, FP-SNS-FLIGHT1_V5.0.2, FP-SNS-MOTENV1_V5.0.0, FP-SNS-MOTENVWB1_V1.4.0, FP-SNS-SMARTAG2_V1.2.0, FP-SNS-STBOX1_V2.0.0, STM32Cube_FW_C0_V1.4.0, STM32Cube_FW_F4_V1.28.1, STM32Cube_FW_F7_V1.17.2, STM32Cube_FW_G0_V1.6.2, STM32Cube_FW_G4_V1.6.1, STM32Cube_FW_H5_V1.5.0, STM32Cube_FW_H7RS_V1.2.0, STM32Cube_FW_H7_V1.12.1, STM32Cube_FW_L0_V1.12.2, STM32Cube_FW_L4_V1.18.1, STM32Cube_FW_L5_V1.5.1, STM32Cube_FW_N6_V1.1.0, STM32Cube_FW_U0_V1.2.0, STM32Cube_FW_U3_V1.1.0, STM32Cube_FW_U5_V1.7.0, STM32Cube_FW_WB0_V1.2.0, STM32Cube_FW_WBA_V1.6.0, STM32Cube_FW_WB_V1.22.0, STM32Cube_FW_WL3_V1.1.0, STM32Cube_FW_WL_V1.3.1, X-CUBE-ALGOBUILD_V1.4.0, X-CUBE-ALS_V1.0.2, X-CUBE-AZRTOS-F4_V1.1.0, X-CUBE-AZRTOS-F7_V1.1.0, X-CUBE-AZRTOS-G0_V1.1.0, X-CUBE-AZRTOS-G4_V2.0.0, X-CUBE-AZRTOS-H7RS_V1.0.0, X-CUBE-AZRTOS-H7_V3.3.0, X-CUBE-AZRTOS-L4_V2.0.0, X-CUBE-AZRTOS-L5_V2.0.0, X-CUBE-AZRTOS-WB_V2.0.0, X-CUBE-AZRTOS-WL_V2.0.0, X-CUBE-BLE1_V7.0.0, X-CUBE-BLE2_V3.3.0, X-CUBE-BLEMGR_V4.0.0, X-CUBE-EEPRMA1_V5.1.0, X-CUBE-FREERTOS_V1.3.0, X-CUBE-GNSS1_V6.0.0, X-CUBE-MEMS1_V11.1.0, X-CUBE-NFC4_V3.0.0, X-CUBE-NFC7_V1.0.1, X-CUBE-SFXS2LP1_V4.0.0, X-CUBE-SUBG2_V5.0.0, X-CUBE-TOF1_V3.4.2]
2025-03-20 20:49:25,551 [INFO] DbBoardsSqlite:226 - include board P-NUCLEO-WB55-NUCLEO as a kit item of type 'Nucleo-64'
2025-03-20 20:49:25,552 [INFO] DbBoardsSqlite:226 - include board P-NUCLEO-WB55-USBDONGLE as a kit item of type 'Nucleo USB Dongle'
2025-03-20 20:49:25,553 [INFO] DbBoardsSqlite:226 - include board STEVAL-IDP005V1 as a kit item of type 'Evaluation Board'
2025-03-20 20:49:25,554 [INFO] DbBoardsSqlite:226 - include board STEVAL-IDP005V2 as a kit item of type 'Evaluation Board'
2025-03-20 20:49:25,710 [INFO] ApiDb:240 - Found 895 in-development CPN: [B-G473E-ZEST1S, B-WB1M-WPAN1, B-WBA5M-WPAN, B-WL5M-SUBG1, NUCLEO-C031C6, NUCLEO-C051C8, NUCLEO-C071RB, NUCLEO-C092RC, NUCLEO-H503RB, NUCLEO-H533RE, NUCLEO-H563ZI, NUCLEO-H7S3L8, NUCLEO-N657X0-Q, NUCLEO-U031R8, NUCLEO-U083RC, NUCLEO-U385RG-Q, NUCLEO-U545RE-Q, NUCLEO-U5A5ZJ-Q, NUCLEO-WB05KZ, NUCLEO-WB07CC, NUCLEO-WB09KE, NUCLEO-WBA52CG, NUCLEO-WBA55CG, NUCLEO-WBA65RI, NUCLEO-WL33CC1, NUCLEO-WL33CC2, STEVAL-PROTEUS1, STEVAL-SMARTAG2, STEVAL-STWINBX1, STM320518-EVAL, STM32C0116-DK, STM32C011D6Y3TR, STM32C011D6Y6TR, STM32C011F4P3, STM32C011F4P6, STM32C011F4U3, STM32C011F4U6TR, STM32C011F6P3, STM32C011F6P6, STM32C011F6U3, STM32C011F6U6TR, STM32C011J4M3, STM32C011J4M6, STM32C011J6M3, STM32C011J6M6, STM32C0316-DK, STM32C031C4T3, STM32C031C4T6, STM32C031C4U3, STM32C031C4U6, STM32C031C6T3, STM32C031C6T6, STM32C031C6U3, STM32C031C6U6, STM32C031F4P3, STM32C031F4P6, STM32C031F6P3, STM32C031F6P6, STM32C031G4U3, STM32C031G4U6, STM32C031G6U3, STM32C031G6U6, STM32C031K4T3, STM32C031K4T6, STM32C031K4U3, STM32C031K4U6, STM32C031K6T3, STM32C031K6T6, STM32C031K6U3, STM32C031K6U6, STM32C051C6T6, STM32C051C6U6, STM32C051C8T6, STM32C051C8U6, STM32C051D8Y6TR, STM32C051F6P6, STM32C051F8P6, STM32C051G6U6, STM32C051G8U6, STM32C051K6T6, STM32C051K6U6, STM32C051K8T6, STM32C071C8T6, STM32C071C8T6N, STM32C071C8U6, STM32C071C8U6N, STM32C071CBT6, STM32C071CBT6N, STM32C071CBU6, STM32C071CBU6N, STM32C071F8P6, STM32C071F8P6N, STM32C071FBP6, STM32C071FBP6N, STM32C071FBY6TR, STM32C071G8U6, STM32C071G8U6N, STM32C071GBU6, STM32C071GBU6N, STM32C071K8T6, STM32C071K8T6N, STM32C071K8U6, STM32C071K8U6N, STM32C071KBT6, STM32C071KBT6N, STM32C071KBU6, STM32C071KBU6N, STM32C071R8T6, STM32C071R8T6N, STM32C071RBI6N, STM32C071RBT6, STM32C071RBT6N, STM32C091CBT6, STM32C091CBU6, STM32C091CCT6, STM32C091CCU6, STM32C091ECY6TR, STM32C091FBP6, STM32C091FCP6, STM32C091GBU6, STM32C091GCU6, STM32C091KBT6, STM32C091KBU6, STM32C091KCT6, STM32C091KCU6, STM32C091RBT6, STM32C091RCI6, STM32C091RCT6, STM32C092CBT6, STM32C092CBU6, STM32C092CCT6, STM32C092CCU6, STM32C092ECY6TR, STM32C092FBP6, STM32C092FCP6, STM32C092GBU6, STM32C092GCU6, STM32C092KBT6, STM32C092KBU6, STM32C092KCT6, STM32C092KCU6, STM32C092RBT6, STM32C092RCI6, STM32C092RCT6, STM32G071K8TXN, STM32G071K8UXN, STM32G081GBU6N, STM32G081KBT6N, STM32G081KBUXN, STM32G0B1CCT6N, STM32G0B1KCT6, STM32G0B1NEY6TR, STM32G0B1RCT6N, STM32G0C1CCT6, STM32G0C1CCT6N, STM32G0C1CCU6N, STM32G0C1CET6N, STM32G0C1CEU6N, STM32G0C1KCT6, STM32G0C1NEY6TR, STM32G0C1RCI6N, STM32G0C1RCT6N, STM32G0C1REI6N, STM32G0C1RET6N, STM32G0C1VCI6, STM32G0C1VEI6, STM32G411C6T3, STM32G411C6T6, STM32G411C6U3, STM32G411C6U6, STM32G411C8T3, STM32G411C8T6, STM32G411C8U3, STM32G411C8U6, STM32G411CBT3, STM32G411CBT6, STM32G411CBU3, STM32G411CBU6, STM32G411CCT3, STM32G411CCT6, STM32G411CCU3, STM32G411CCU6, STM32G411K6T3, STM32G411K6T6, STM32G411K6U3, STM32G411K6U6, STM32G411K8T3, STM32G411K8T6, STM32G411K8U3, STM32G411K8U6, STM32G411KBT3, STM32G411KBT6, STM32G411KBU3, STM32G411KBU6, STM32G411M6T3, STM32G411M6T6, STM32G411M8T3, STM32G411M8T6, STM32G411MBT3, STM32G411MBT6, STM32G411MCT3, STM32G411MCT6, STM32G411R6T3, STM32G411R6T6, STM32G411R8T3, STM32G411R8T6, STM32G411RBT3, STM32G411RBT6, STM32G411RCT3, STM32G411RCT6, STM32G414CBT3, STM32G414CBT6, STM32G414CBU3, STM32G414CBU6, STM32G414CCT3, STM32G414CCT6, STM32G414CCU3, STM32G414CCU6, STM32G414MBT3, STM32G414MBT6, STM32G414MCT3, STM32G414MCT6, STM32G414RBT3, STM32G414RBT6, STM32G414RCT3, STM32G414RCT6, STM32G414VBT3, STM32G414VBT6, STM32G414VCT3, STM32G414VCT6, STM32G431CBT3Z, STM32G431RBT3Z, STM32G471CCT6, STM32G471CCU6, STM32G471CET3, STM32G471CET6, STM32G471CEU3, STM32G471CEU6, STM32G471MCT6, STM32G471MET3, STM32G471MET6, STM32G471MEY6TR, STM32G471QCT6, STM32G471QET3, STM32G471RCT6, STM32G471RET3, STM32G471RET6, STM32G471VCH6, STM32G471VCI6, STM32G471VCT6, STM32G471VEH3, STM32G471VEH6, STM32G471VEI3, STM32G471VEI6, STM32G471VET3, STM32G471VET6, STM32G473QET3Z, STM32G473RET3Z, STM32G474CCT6, STM32G491RET3Z, STM32H503CBT6, STM32H503CBU6, STM32H503EBY6TR, STM32H503KBU6, STM32H503RBT6, STM32H523CCT6, STM32H523CCU6, STM32H523CET6, STM32H523CEU6, STM32H523HEY6TR, STM32H523RCT6, STM32H523RET6, STM32H523VCI6, STM32H523VCT6, STM32H523VEI6, STM32H523VET6, STM32H523ZCJ6, STM32H523ZCT6, STM32H523ZEJ6, STM32H523ZET6, STM32H533CET6, STM32H533CEU6, STM32H533HEY6TR, STM32H533RET6, STM32H533VEI6, STM32H533VET6, STM32H533ZEJ6, STM32H533ZET6, STM32H562AGI6, STM32H562AII6, STM32H562IGK6, STM32H562IGT6, STM32H562IIK6, STM32H562IIT6, STM32H562RGT6, STM32H562RGV6, STM32H562RIT6, STM32H562RIV6, STM32H562VGT6, STM32H562VIT6, STM32H562ZGT6, STM32H562ZIT6, STM32H563AGI6, STM32H563AII3Q, STM32H563AII6, STM32H563IGK6, STM32H563IGT6, STM32H563IIK3Q, STM32H563IIK6, STM32H563IIT3Q, STM32H563IIT6, STM32H563MIY3QTR, STM32H563RGT6, STM32H563RGV6, STM32H563RIT6, STM32H563RIV6, STM32H563VGT6, STM32H563VIT3Q, STM32H563VIT6, STM32H563ZGT6, STM32H563ZIT3Q, STM32H563ZIT6, STM32H573AII3Q, STM32H573AII6, STM32H573I-DK, STM32H573IIK3Q, STM32H573IIK6, STM32H573IIT3Q, STM32H573IIT6, STM32H573MIY3QTR, STM32H573RIT6, STM32H573RIV6, STM32H573VIT3Q, STM32H573VIT6, STM32H573ZIT3Q, STM32H573ZIT6, STM32H7R3A8I6, STM32H7R3I8K6, STM32H7R3I8T6, STM32H7R3L8H6, STM32H7R3L8H6H, STM32H7R3R8V6, STM32H7R3V8H6, STM32H7R3V8T6, STM32H7R3V8Y6TR, STM32H7R3Z8J6, STM32H7R3Z8T6, STM32H7R7A8I6, STM32H7R7I8K6, STM32H7R7I8T6, STM32H7R7L8H6, STM32H7R7L8H6H, STM32H7R7Z8J6, STM32H7S3A8I6, STM32H7S3I8K6, STM32H7S3I8T6, STM32H7S3L8H6, STM32H7S3L8H6H, STM32H7S3R8V6, STM32H7S3V8H6, STM32H7S3V8T6, STM32H7S3V8Y6TR, STM32H7S3Z8J6, STM32H7S3Z8T6, STM32H7S78-DK, STM32H7S7A8I6, STM32H7S7I8K6, STM32H7S7I8T6, STM32H7S7L8H6, STM32H7S7L8H6H, STM32H7S7Z8J6, STM32L4R5QGI6STR, STM32MP131AAE3, STM32MP131AAF3, STM32MP131AAG3, STM32MP131CAE3, STM32MP131CAF3, STM32MP131CAG3, STM32MP131DAE7, STM32MP131DAF7, STM32MP131DAG7, STM32MP131FAE7, STM32MP131FAF7, STM32MP131FAG7, STM32MP133AAE3, STM32MP133AAF3, STM32MP133AAG3, STM32MP133CAE3, STM32MP133CAF3, STM32MP133CAG3, STM32MP133DAE7, STM32MP133DAF7, STM32MP133DAG7, STM32MP133FAE7, STM32MP133FAF7, STM32MP133FAG7, STM32MP135AAE3, STM32MP135AAF3, STM32MP135AAG3, STM32MP135CAE3, STM32MP135CAF3, STM32MP135CAG3, STM32MP135DAE7, STM32MP135DAF7, STM32MP135DAG7, STM32MP135F-DK, STM32MP135FAE7, STM32MP135FAF7, STM32MP135FAF7T, STM32MP135FAF7U, STM32MP135FAG7, STM32MP231AAJ3, STM32MP231AAK3, STM32MP231AAL3, STM32MP231CAJ3, STM32MP231CAK3, STM32MP231CAL3, STM32MP231DAJ3, STM32MP231DAK3, STM32MP231DAL3, STM32MP231FAJ3, STM32MP231FAK3, STM32MP231FAL3, STM32MP233AAJ3, STM32MP233AAK3, STM32MP233AAL3, STM32MP233CAJ3, STM32MP233CAK3, STM32MP233CAL3, STM32MP233DAJ3, STM32MP233DAK3, STM32MP233DAL3, STM32MP233FAJ3, STM32MP233FAK3, STM32MP233FAL3, STM32MP235AAJ3, STM32MP235AAK3, STM32MP235AAL3, STM32MP235CAJ3, STM32MP235CAK3, STM32MP235CAL3, STM32MP235DAJ3, STM32MP235DAK3, STM32MP235DAL3, STM32MP235FAJ3, STM32MP235FAK3, STM32MP235FAL3, STM32MP251AAI3, STM32MP251AAJ3, STM32MP251AAK3, STM32MP251AAL3, STM32MP251CAI3, STM32MP251CAJ3, STM32MP251CAK3, STM32MP251CAL3, STM32MP251DAI3, STM32MP251DAJ3, STM32MP251DAK3, STM32MP251DAL3, STM32MP251FAI3, STM32MP251FAJ3, STM32MP251FAK3, STM32MP251FAL3, STM32MP253AAI3, STM32MP253AAJ3, STM32MP253AAK3, STM32MP253AAL3, STM32MP253CAI3, STM32MP253CAJ3, STM32MP253CAK3, STM32MP253CAL3, STM32MP253DAI3, STM32MP253DAJ3, STM32MP253DAK3, STM32MP253DAL3, STM32MP253FAI3, STM32MP253FAJ3, STM32MP253FAK3, STM32MP253FAL3, STM32MP255AAI3, STM32MP255AAJ3, STM32MP255AAK3, STM32MP255AAL3, STM32MP255CAI3, STM32MP255CAJ3, STM32MP255CAK3, STM32MP255CAL3, STM32MP255DAI3, STM32MP255DAJ3, STM32MP255DAK3, STM32MP255DAL3, STM32MP255FAI3, STM32MP255FAJ3, STM32MP255FAK3, STM32MP255FAL3, STM32MP257AAI3, STM32MP257AAJ3, STM32MP257AAK3, STM32MP257AAL3, STM32MP257CAI3, STM32MP257CAJ3, STM32MP257CAK3, STM32MP257CAL3, STM32MP257DAI3, STM32MP257DAJ3, STM32MP257DAK3, STM32MP257DAL3, STM32MP257F-DK, STM32MP257F-EV1, STM32MP257FAI3, STM32MP257FAJ3, STM32MP257FAK3, STM32MP257FAL3, STM32N645A0H3Q, STM32N645B0H3Q, STM32N645I0H3Q, STM32N645L0H3Q, STM32N645X0H3Q, STM32N645Z0H3Q, STM32N647A0H3Q, STM32N647B0H3Q, STM32N647I0H3Q, STM32N647L0H3Q, STM32N647X0H3Q, STM32N647Z0H3Q, STM32N655A0H3Q, STM32N655B0H3Q, STM32N655I0H3Q, STM32N655L0H3Q, STM32N655X0H3Q, STM32N655Z0H3Q, STM32N6570-DK, STM32N657A0H3Q, STM32N657B0H3Q, STM32N657I0H3Q, STM32N657L0H3Q, STM32N657X0H3Q, STM32N657Z0H3Q, STM32U031C6T6, STM32U031C6U6, STM32U031C8T6, STM32U031C8U6, STM32U031F4P6, STM32U031F6P6, STM32U031F8P6, STM32U031G6Y6TR, STM32U031G8Y6TR, STM32U031K4U6, STM32U031K6U6, STM32U031K8U6, STM32U031R6I6, STM32U031R6T6, STM32U031R8I6, STM32U031R8T6, STM32U073C8T6, STM32U073C8U6, STM32U073CBT6, STM32U073CBU6, STM32U073CCT6, STM32U073CCU6, STM32U073H8Y6TR, STM32U073HBY6TR, STM32U073HCY6TR, STM32U073K8U6, STM32U073KBU6, STM32U073KCU6, STM32U073M8I6, STM32U073M8T6, STM32U073MBI6, STM32U073MBT6, STM32U073MCI6, STM32U073MCT6, STM32U073R8I6, STM32U073R8T6, STM32U073RBI6, STM32U073RBT6, STM32U073RCI6, STM32U073RCT6, STM32U083C-DK, STM32U083CCT6, STM32U083CCU6, STM32U083HCY6TR, STM32U083KCU6, STM32U083MCI6, STM32U083MCT6, STM32U083RCI6, STM32U083RCT6, STM32U375CET6, STM32U375CET6Q, STM32U375CEU6, STM32U375CEU6Q, STM32U375CEY6QTR, STM32U375CGT6, STM32U375CGT6Q, STM32U375CGU6, STM32U375CGU6Q, STM32U375CGY6QTR, STM32U375KEU6, STM32U375KGU6, STM32U375REI6, STM32U375REI6Q, STM32U375RET6, STM32U375RET6Q, STM32U375REY6GTR, STM32U375REY6QTR, STM32U375RGI6, STM32U375RGI6Q, STM32U375RGT6, STM32U375RGT6Q, STM32U375RGY6GTR, STM32U375RGY6QTR, STM32U375VEI6, STM32U375VEI6Q, STM32U375VET6, STM32U375VET6Q, STM32U375VGI6, STM32U375VGI6Q, STM32U375VGT6, STM32U375VGT6Q, STM32U385CGT6, STM32U385CGT6Q, STM32U385CGU6, STM32U385CGU6Q, STM32U385CGY6QTR, STM32U385KGU6, STM32U385RGI6, STM32U385RGI6Q, STM32U385RGT6, STM32U385RGT6Q, STM32U385RGY6GTR, STM32U385RGY6QTR, STM32U385VGI6, STM32U385VGI6Q, STM32U385VGT6, STM32U385VGT6Q, STM32U535CBT6, STM32U535CBT6Q, STM32U535CBU6, STM32U535CBU6Q, STM32U535CCT6, STM32U535CCT6Q, STM32U535CCU6, STM32U535CCU6Q, STM32U535CET6, STM32U535CET6Q, STM32U535CEU6, STM32U535CEU6Q, STM32U535JEY6QTR, STM32U535NCY6QTR, STM32U535NEY6QTR, STM32U535RBI6, STM32U535RBI6Q, STM32U535RBT6, STM32U535RBT6Q, STM32U535RCI6, STM32U535RCI6Q, STM32U535RCT6, STM32U535RCT6Q, STM32U535REI6, STM32U535REI6Q, STM32U535RET6, STM32U535RET6Q, STM32U535VCI6, STM32U535VCI6Q, STM32U535VCT6, STM32U535VCT6Q, STM32U535VEI6, STM32U535VEI6Q, STM32U535VET6, STM32U535VET6Q, STM32U545CET6, STM32U545CET6Q, STM32U545CEU6, STM32U545CEU6Q, STM32U545JEY6QTR, STM32U545NEY6QTR, STM32U545REI6, STM32U545REI6Q, STM32U545RET6, STM32U545RET6Q, STM32U545VEI6, STM32U545VEI6Q, STM32U545VET6, STM32U545VET6Q, STM32U595AIH6, STM32U595AIH6Q, STM32U595AJH6, STM32U595AJH6Q, STM32U595QII6, STM32U595QII6Q, STM32U595QJI6, STM32U595QJI6Q, STM32U595RIT6, STM32U595RIT6Q, STM32U595RJT6, STM32U595RJT6Q, STM32U595VIT6, STM32U595VIT6Q, STM32U595VJT6, STM32U595VJT6Q, STM32U595ZIT6, STM32U595ZIT6Q, STM32U595ZIY6QTR, STM32U595ZJT6, STM32U595ZJT6Q, STM32U595ZJY6QTR, STM32U599BJY6QTR, STM32U599NIH6Q, STM32U599NJH6Q, STM32U599VIT6Q, STM32U599VJT6, STM32U599VJT6Q, STM32U599ZIT6Q, STM32U599ZIY6QTR, STM32U599ZJT6Q, STM32U599ZJY6QTR, STM32U5A5AJH6, STM32U5A5AJH6Q, STM32U5A5QII3Q , STM32U5A5QJI6, STM32U5A5QJI6Q, STM32U5A5RJT6, STM32U5A5RJT6Q, STM32U5A5VJT6, STM32U5A5VJT6Q, STM32U5A5ZJT6, STM32U5A5ZJT6Q, STM32U5A5ZJY6QTR, STM32U5A9BJY6QTR, STM32U5A9J-DK, STM32U5A9NJH6Q, STM32U5A9VJT6Q, STM32U5A9ZJT6Q, STM32U5A9ZJY6QTR, STM32U5F7VIT6, STM32U5F7VIT6Q, STM32U5F7VJT6, STM32U5F7VJT6Q, STM32U5F9BJY6QTR, STM32U5F9NJH6Q, STM32U5F9VIT6Q, STM32U5F9VJT6Q, STM32U5F9ZIJ6QTR, STM32U5F9ZIT6Q, STM32U5F9ZJJ6QTR, STM32U5F9ZJT6Q, STM32U5G7VJT6, STM32U5G7VJT6Q, STM32U5G9BJY6QTR, STM32U5G9J-DK1, STM32U5G9J-DK2, STM32U5G9NJH6Q, STM32U5G9VJT6Q, STM32U5G9ZJJ6QTR, STM32U5G9ZJT6Q, STM32WB05KZV6TR, STM32WB05KZV7TR, STM32WB05TZF6TR, STM32WB05TZF7TR, STM32WB06CCF6TR, STM32WB06CCF7TR, STM32WB06CCV6TR, STM32WB06CCV7TR, STM32WB06KCV6TR, STM32WB06KCV7TR, STM32WB07CCF6TR, STM32WB07CCF7TR, STM32WB07CCV6TR, STM32WB07CCV7TR, STM32WB07KCV6TR, STM32WB07KCV7TR, STM32WB09KEV6TR, STM32WB09KEV7TR, STM32WB09TEF6TR, STM32WB09TEF7TR, STM32WB1MMCH6, STM32WBA50KGU6, STM32WBA50KGU6TR, STM32WBA52CEU6, STM32WBA52CEU6TR, STM32WBA52CEU7, STM32WBA52CEU7TR, STM32WBA52CGU6, STM32WBA52CGU6TR, STM32WBA52CGU6U, STM32WBA52CGU7, STM32WBA52CGU7TR, STM32WBA52KEU6, STM32WBA52KEU6TR, STM32WBA52KGU6, STM32WBA52KGU6TR, STM32WBA54CEU6, STM32WBA54CEU6TR, STM32WBA54CEU7, STM32WBA54CEU7TR, STM32WBA54CGU6, STM32WBA54CGU6TR, STM32WBA54CGU7, STM32WBA54CGU7TR, STM32WBA54KEU6, STM32WBA54KEU6TR, STM32WBA54KEU7, STM32WBA54KEU7TR, STM32WBA54KGU6, STM32WBA54KGU6TR, STM32WBA54KGU7, STM32WBA54KGU7TR, STM32WBA55CEU6, STM32WBA55CEU6TR, STM32WBA55CEU7, STM32WBA55CEU7TR, STM32WBA55CGU6, STM32WBA55CGU6TR, STM32WBA55CGU6U, STM32WBA55CGU7, STM32WBA55CGU7TR, STM32WBA55G-DK1, STM32WBA55HEF6, STM32WBA55HEF7, STM32WBA55HGF6, STM32WBA55HGF7, STM32WBA55UEI6, STM32WBA55UEI6TR, STM32WBA55UEI7, STM32WBA55UEI7TR, STM32WBA55UGI6, STM32WBA55UGI6TR, STM32WBA55UGI7, STM32WBA55UGI7TR, STM32WBA5MJGH6TR, STM32WBA62CGU6, STM32WBA62CIU6, STM32WBA62MGF6, STM32WBA62MIF6, STM32WBA62PGI6, STM32WBA62PII6, STM32WBA63CGU6, STM32WBA63CGU7, STM32WBA63CIU6, STM32WBA63CIU7, STM32WBA64CGU6, STM32WBA64CGU7, STM32WBA64CIU6, STM32WBA64CIU7, STM32WBA65CGU6, STM32WBA65CGU7, STM32WBA65CIU6, STM32WBA65CIU7, STM32WBA65I-DK1, STM32WBA65MGF6, STM32WBA65MGF7, STM32WBA65MIF6, STM32WBA65MIF7, STM32WBA65PGI6, STM32WBA65PGI7, STM32WBA65PII6, STM32WBA65PII7, STM32WBA65RGV6, STM32WBA65RGV7, STM32WBA65RIV6, STM32WBA65RIV7, STM32WL30K8V6, STM32WL30KBV6, STM32WL31C8V6, STM32WL31CBV6, STM32WL31K8V6, STM32WL31KBV6, STM32WL33C8V6, STM32WL33C8V6TR, STM32WL33C8V7, STM32WL33C8V7TR, STM32WL33CBV6, STM32WL33CBV6TR, STM32WL33CBV7, STM32WL33CBV7TR, STM32WL33CCV6, STM32WL33CCV6TR, STM32WL33CCV7, STM32WL33CCV7A, STM32WL33CCV7ATR, STM32WL33CCV7TR, STM32WL33K8V6, STM32WL33K8V6TR, STM32WL33K8V7, STM32WL33K8V7TR, STM32WL33KBV6, STM32WL33KBV6TR, STM32WL33KBV7, STM32WL33KBV7TR, STM32WL33KCV6, STM32WL33KCV6TR, STM32WL33KCV7, STM32WL33KCV7TR, STM32WL5MOCH6, STM32WL5MOCH6TR]
2025-03-20 20:49:25,825 [INFO] BoardInfo:889 - No configuration file found for board P-NUCLEO-WB55
2025-03-20 20:49:25,826 [INFO] DbBoards:161 - Kit is not supported: P-NUCLEO-WB55
2025-03-20 20:49:25,831 [INFO] BoardInfo:889 - No configuration file found for board STEVAL-BFA001V1B
2025-03-20 20:49:25,831 [INFO] DbBoards:161 - Kit is not supported: STEVAL-BFA001V1B
2025-03-20 20:49:25,833 [INFO] BoardInfo:889 - No configuration file found for board STEVAL-BFA001V2B
2025-03-20 20:49:25,833 [INFO] DbBoards:161 - Kit is not supported: STEVAL-BFA001V2B
2025-03-20 20:49:25,940 [INFO] DbBoards:168 - Found 211 boards, 208 are supported
2025-03-20 20:49:25,940 [INFO] DbBoards:169 - Found 211 boards, 43 of them is supported for  Bsp
2025-03-20 20:49:25,949 [INFO] ApiDb:668 - CubeFinder database Data Model version=2.1
2025-03-20 20:49:25,950 [INFO] ApiDb:669 - CubeFinder database Configuration version=3.0.39
2025-03-20 20:49:25,950 [INFO] ApiDb:670 - CubeFinder database generation date=2025-02-18 (1739885696)
2025-03-20 20:49:25,950 [INFO] ApiDb:671 - CubeFinder database FW Pack versions=[FP-ATR-ASTRA1_V2.0.0, FP-SNS-FLIGHT1_V5.0.2, FP-SNS-MOTENV1_V5.0.0, FP-SNS-MOTENVWB1_V1.4.0, FP-SNS-SMARTAG2_V1.2.0, FP-SNS-STBOX1_V2.0.0, STM32Cube_FW_C0_V1.4.0, STM32Cube_FW_F4_V1.28.1, STM32Cube_FW_F7_V1.17.2, STM32Cube_FW_G0_V1.6.2, STM32Cube_FW_G4_V1.6.1, STM32Cube_FW_H5_V1.5.0, STM32Cube_FW_H7RS_V1.2.0, STM32Cube_FW_H7_V1.12.1, STM32Cube_FW_L0_V1.12.2, STM32Cube_FW_L4_V1.18.1, STM32Cube_FW_L5_V1.5.1, STM32Cube_FW_N6_V1.1.0, STM32Cube_FW_U0_V1.2.0, STM32Cube_FW_U3_V1.1.0, STM32Cube_FW_U5_V1.7.0, STM32Cube_FW_WB0_V1.2.0, STM32Cube_FW_WBA_V1.6.0, STM32Cube_FW_WB_V1.22.0, STM32Cube_FW_WL3_V1.1.0, STM32Cube_FW_WL_V1.3.1, X-CUBE-ALGOBUILD_V1.4.0, X-CUBE-ALS_V1.0.2, X-CUBE-AZRTOS-F4_V1.1.0, X-CUBE-AZRTOS-F7_V1.1.0, X-CUBE-AZRTOS-G0_V1.1.0, X-CUBE-AZRTOS-G4_V2.0.0, X-CUBE-AZRTOS-H7RS_V1.0.0, X-CUBE-AZRTOS-H7_V3.3.0, X-CUBE-AZRTOS-L4_V2.0.0, X-CUBE-AZRTOS-L5_V2.0.0, X-CUBE-AZRTOS-WB_V2.0.0, X-CUBE-AZRTOS-WL_V2.0.0, X-CUBE-BLE1_V7.0.0, X-CUBE-BLE2_V3.3.0, X-CUBE-BLEMGR_V4.0.0, X-CUBE-EEPRMA1_V5.1.0, X-CUBE-FREERTOS_V1.3.0, X-CUBE-GNSS1_V6.0.0, X-CUBE-MEMS1_V11.1.0, X-CUBE-NFC4_V3.0.0, X-CUBE-NFC7_V1.0.1, X-CUBE-SFXS2LP1_V4.0.0, X-CUBE-SUBG2_V5.0.0, X-CUBE-TOF1_V3.4.2]
2025-03-20 20:49:28,140 [INFO] ApiDb:240 - Found 895 in-development CPN: [B-G473E-ZEST1S, B-WB1M-WPAN1, B-WBA5M-WPAN, B-WL5M-SUBG1, NUCLEO-C031C6, NUCLEO-C051C8, NUCLEO-C071RB, NUCLEO-C092RC, NUCLEO-H503RB, NUCLEO-H533RE, NUCLEO-H563ZI, NUCLEO-H7S3L8, NUCLEO-N657X0-Q, NUCLEO-U031R8, NUCLEO-U083RC, NUCLEO-U385RG-Q, NUCLEO-U545RE-Q, NUCLEO-U5A5ZJ-Q, NUCLEO-WB05KZ, NUCLEO-WB07CC, NUCLEO-WB09KE, NUCLEO-WBA52CG, NUCLEO-WBA55CG, NUCLEO-WBA65RI, NUCLEO-WL33CC1, NUCLEO-WL33CC2, STEVAL-PROTEUS1, STEVAL-SMARTAG2, STEVAL-STWINBX1, STM320518-EVAL, STM32C0116-DK, STM32C011D6Y3TR, STM32C011D6Y6TR, STM32C011F4P3, STM32C011F4P6, STM32C011F4U3, STM32C011F4U6TR, STM32C011F6P3, STM32C011F6P6, STM32C011F6U3, STM32C011F6U6TR, STM32C011J4M3, STM32C011J4M6, STM32C011J6M3, STM32C011J6M6, STM32C0316-DK, STM32C031C4T3, STM32C031C4T6, STM32C031C4U3, STM32C031C4U6, STM32C031C6T3, STM32C031C6T6, STM32C031C6U3, STM32C031C6U6, STM32C031F4P3, STM32C031F4P6, STM32C031F6P3, STM32C031F6P6, STM32C031G4U3, STM32C031G4U6, STM32C031G6U3, STM32C031G6U6, STM32C031K4T3, STM32C031K4T6, STM32C031K4U3, STM32C031K4U6, STM32C031K6T3, STM32C031K6T6, STM32C031K6U3, STM32C031K6U6, STM32C051C6T6, STM32C051C6U6, STM32C051C8T6, STM32C051C8U6, STM32C051D8Y6TR, STM32C051F6P6, STM32C051F8P6, STM32C051G6U6, STM32C051G8U6, STM32C051K6T6, STM32C051K6U6, STM32C051K8T6, STM32C071C8T6, STM32C071C8T6N, STM32C071C8U6, STM32C071C8U6N, STM32C071CBT6, STM32C071CBT6N, STM32C071CBU6, STM32C071CBU6N, STM32C071F8P6, STM32C071F8P6N, STM32C071FBP6, STM32C071FBP6N, STM32C071FBY6TR, STM32C071G8U6, STM32C071G8U6N, STM32C071GBU6, STM32C071GBU6N, STM32C071K8T6, STM32C071K8T6N, STM32C071K8U6, STM32C071K8U6N, STM32C071KBT6, STM32C071KBT6N, STM32C071KBU6, STM32C071KBU6N, STM32C071R8T6, STM32C071R8T6N, STM32C071RBI6N, STM32C071RBT6, STM32C071RBT6N, STM32C091CBT6, STM32C091CBU6, STM32C091CCT6, STM32C091CCU6, STM32C091ECY6TR, STM32C091FBP6, STM32C091FCP6, STM32C091GBU6, STM32C091GCU6, STM32C091KBT6, STM32C091KBU6, STM32C091KCT6, STM32C091KCU6, STM32C091RBT6, STM32C091RCI6, STM32C091RCT6, STM32C092CBT6, STM32C092CBU6, STM32C092CCT6, STM32C092CCU6, STM32C092ECY6TR, STM32C092FBP6, STM32C092FCP6, STM32C092GBU6, STM32C092GCU6, STM32C092KBT6, STM32C092KBU6, STM32C092KCT6, STM32C092KCU6, STM32C092RBT6, STM32C092RCI6, STM32C092RCT6, STM32G071K8TXN, STM32G071K8UXN, STM32G081GBU6N, STM32G081KBT6N, STM32G081KBUXN, STM32G0B1CCT6N, STM32G0B1KCT6, STM32G0B1NEY6TR, STM32G0B1RCT6N, STM32G0C1CCT6, STM32G0C1CCT6N, STM32G0C1CCU6N, STM32G0C1CET6N, STM32G0C1CEU6N, STM32G0C1KCT6, STM32G0C1NEY6TR, STM32G0C1RCI6N, STM32G0C1RCT6N, STM32G0C1REI6N, STM32G0C1RET6N, STM32G0C1VCI6, STM32G0C1VEI6, STM32G411C6T3, STM32G411C6T6, STM32G411C6U3, STM32G411C6U6, STM32G411C8T3, STM32G411C8T6, STM32G411C8U3, STM32G411C8U6, STM32G411CBT3, STM32G411CBT6, STM32G411CBU3, STM32G411CBU6, STM32G411CCT3, STM32G411CCT6, STM32G411CCU3, STM32G411CCU6, STM32G411K6T3, STM32G411K6T6, STM32G411K6U3, STM32G411K6U6, STM32G411K8T3, STM32G411K8T6, STM32G411K8U3, STM32G411K8U6, STM32G411KBT3, STM32G411KBT6, STM32G411KBU3, STM32G411KBU6, STM32G411M6T3, STM32G411M6T6, STM32G411M8T3, STM32G411M8T6, STM32G411MBT3, STM32G411MBT6, STM32G411MCT3, STM32G411MCT6, STM32G411R6T3, STM32G411R6T6, STM32G411R8T3, STM32G411R8T6, STM32G411RBT3, STM32G411RBT6, STM32G411RCT3, STM32G411RCT6, STM32G414CBT3, STM32G414CBT6, STM32G414CBU3, STM32G414CBU6, STM32G414CCT3, STM32G414CCT6, STM32G414CCU3, STM32G414CCU6, STM32G414MBT3, STM32G414MBT6, STM32G414MCT3, STM32G414MCT6, STM32G414RBT3, STM32G414RBT6, STM32G414RCT3, STM32G414RCT6, STM32G414VBT3, STM32G414VBT6, STM32G414VCT3, STM32G414VCT6, STM32G431CBT3Z, STM32G431RBT3Z, STM32G471CCT6, STM32G471CCU6, STM32G471CET3, STM32G471CET6, STM32G471CEU3, STM32G471CEU6, STM32G471MCT6, STM32G471MET3, STM32G471MET6, STM32G471MEY6TR, STM32G471QCT6, STM32G471QET3, STM32G471RCT6, STM32G471RET3, STM32G471RET6, STM32G471VCH6, STM32G471VCI6, STM32G471VCT6, STM32G471VEH3, STM32G471VEH6, STM32G471VEI3, STM32G471VEI6, STM32G471VET3, STM32G471VET6, STM32G473QET3Z, STM32G473RET3Z, STM32G474CCT6, STM32G491RET3Z, STM32H503CBT6, STM32H503CBU6, STM32H503EBY6TR, STM32H503KBU6, STM32H503RBT6, STM32H523CCT6, STM32H523CCU6, STM32H523CET6, STM32H523CEU6, STM32H523HEY6TR, STM32H523RCT6, STM32H523RET6, STM32H523VCI6, STM32H523VCT6, STM32H523VEI6, STM32H523VET6, STM32H523ZCJ6, STM32H523ZCT6, STM32H523ZEJ6, STM32H523ZET6, STM32H533CET6, STM32H533CEU6, STM32H533HEY6TR, STM32H533RET6, STM32H533VEI6, STM32H533VET6, STM32H533ZEJ6, STM32H533ZET6, STM32H562AGI6, STM32H562AII6, STM32H562IGK6, STM32H562IGT6, STM32H562IIK6, STM32H562IIT6, STM32H562RGT6, STM32H562RGV6, STM32H562RIT6, STM32H562RIV6, STM32H562VGT6, STM32H562VIT6, STM32H562ZGT6, STM32H562ZIT6, STM32H563AGI6, STM32H563AII3Q, STM32H563AII6, STM32H563IGK6, STM32H563IGT6, STM32H563IIK3Q, STM32H563IIK6, STM32H563IIT3Q, STM32H563IIT6, STM32H563MIY3QTR, STM32H563RGT6, STM32H563RGV6, STM32H563RIT6, STM32H563RIV6, STM32H563VGT6, STM32H563VIT3Q, STM32H563VIT6, STM32H563ZGT6, STM32H563ZIT3Q, STM32H563ZIT6, STM32H573AII3Q, STM32H573AII6, STM32H573I-DK, STM32H573IIK3Q, STM32H573IIK6, STM32H573IIT3Q, STM32H573IIT6, STM32H573MIY3QTR, STM32H573RIT6, STM32H573RIV6, STM32H573VIT3Q, STM32H573VIT6, STM32H573ZIT3Q, STM32H573ZIT6, STM32H7R3A8I6, STM32H7R3I8K6, STM32H7R3I8T6, STM32H7R3L8H6, STM32H7R3L8H6H, STM32H7R3R8V6, STM32H7R3V8H6, STM32H7R3V8T6, STM32H7R3V8Y6TR, STM32H7R3Z8J6, STM32H7R3Z8T6, STM32H7R7A8I6, STM32H7R7I8K6, STM32H7R7I8T6, STM32H7R7L8H6, STM32H7R7L8H6H, STM32H7R7Z8J6, STM32H7S3A8I6, STM32H7S3I8K6, STM32H7S3I8T6, STM32H7S3L8H6, STM32H7S3L8H6H, STM32H7S3R8V6, STM32H7S3V8H6, STM32H7S3V8T6, STM32H7S3V8Y6TR, STM32H7S3Z8J6, STM32H7S3Z8T6, STM32H7S78-DK, STM32H7S7A8I6, STM32H7S7I8K6, STM32H7S7I8T6, STM32H7S7L8H6, STM32H7S7L8H6H, STM32H7S7Z8J6, STM32L4R5QGI6STR, STM32MP131AAE3, STM32MP131AAF3, STM32MP131AAG3, STM32MP131CAE3, STM32MP131CAF3, STM32MP131CAG3, STM32MP131DAE7, STM32MP131DAF7, STM32MP131DAG7, STM32MP131FAE7, STM32MP131FAF7, STM32MP131FAG7, STM32MP133AAE3, STM32MP133AAF3, STM32MP133AAG3, STM32MP133CAE3, STM32MP133CAF3, STM32MP133CAG3, STM32MP133DAE7, STM32MP133DAF7, STM32MP133DAG7, STM32MP133FAE7, STM32MP133FAF7, STM32MP133FAG7, STM32MP135AAE3, STM32MP135AAF3, STM32MP135AAG3, STM32MP135CAE3, STM32MP135CAF3, STM32MP135CAG3, STM32MP135DAE7, STM32MP135DAF7, STM32MP135DAG7, STM32MP135F-DK, STM32MP135FAE7, STM32MP135FAF7, STM32MP135FAF7T, STM32MP135FAF7U, STM32MP135FAG7, STM32MP231AAJ3, STM32MP231AAK3, STM32MP231AAL3, STM32MP231CAJ3, STM32MP231CAK3, STM32MP231CAL3, STM32MP231DAJ3, STM32MP231DAK3, STM32MP231DAL3, STM32MP231FAJ3, STM32MP231FAK3, STM32MP231FAL3, STM32MP233AAJ3, STM32MP233AAK3, STM32MP233AAL3, STM32MP233CAJ3, STM32MP233CAK3, STM32MP233CAL3, STM32MP233DAJ3, STM32MP233DAK3, STM32MP233DAL3, STM32MP233FAJ3, STM32MP233FAK3, STM32MP233FAL3, STM32MP235AAJ3, STM32MP235AAK3, STM32MP235AAL3, STM32MP235CAJ3, STM32MP235CAK3, STM32MP235CAL3, STM32MP235DAJ3, STM32MP235DAK3, STM32MP235DAL3, STM32MP235FAJ3, STM32MP235FAK3, STM32MP235FAL3, STM32MP251AAI3, STM32MP251AAJ3, STM32MP251AAK3, STM32MP251AAL3, STM32MP251CAI3, STM32MP251CAJ3, STM32MP251CAK3, STM32MP251CAL3, STM32MP251DAI3, STM32MP251DAJ3, STM32MP251DAK3, STM32MP251DAL3, STM32MP251FAI3, STM32MP251FAJ3, STM32MP251FAK3, STM32MP251FAL3, STM32MP253AAI3, STM32MP253AAJ3, STM32MP253AAK3, STM32MP253AAL3, STM32MP253CAI3, STM32MP253CAJ3, STM32MP253CAK3, STM32MP253CAL3, STM32MP253DAI3, STM32MP253DAJ3, STM32MP253DAK3, STM32MP253DAL3, STM32MP253FAI3, STM32MP253FAJ3, STM32MP253FAK3, STM32MP253FAL3, STM32MP255AAI3, STM32MP255AAJ3, STM32MP255AAK3, STM32MP255AAL3, STM32MP255CAI3, STM32MP255CAJ3, STM32MP255CAK3, STM32MP255CAL3, STM32MP255DAI3, STM32MP255DAJ3, STM32MP255DAK3, STM32MP255DAL3, STM32MP255FAI3, STM32MP255FAJ3, STM32MP255FAK3, STM32MP255FAL3, STM32MP257AAI3, STM32MP257AAJ3, STM32MP257AAK3, STM32MP257AAL3, STM32MP257CAI3, STM32MP257CAJ3, STM32MP257CAK3, STM32MP257CAL3, STM32MP257DAI3, STM32MP257DAJ3, STM32MP257DAK3, STM32MP257DAL3, STM32MP257F-DK, STM32MP257F-EV1, STM32MP257FAI3, STM32MP257FAJ3, STM32MP257FAK3, STM32MP257FAL3, STM32N645A0H3Q, STM32N645B0H3Q, STM32N645I0H3Q, STM32N645L0H3Q, STM32N645X0H3Q, STM32N645Z0H3Q, STM32N647A0H3Q, STM32N647B0H3Q, STM32N647I0H3Q, STM32N647L0H3Q, STM32N647X0H3Q, STM32N647Z0H3Q, STM32N655A0H3Q, STM32N655B0H3Q, STM32N655I0H3Q, STM32N655L0H3Q, STM32N655X0H3Q, STM32N655Z0H3Q, STM32N6570-DK, STM32N657A0H3Q, STM32N657B0H3Q, STM32N657I0H3Q, STM32N657L0H3Q, STM32N657X0H3Q, STM32N657Z0H3Q, STM32U031C6T6, STM32U031C6U6, STM32U031C8T6, STM32U031C8U6, STM32U031F4P6, STM32U031F6P6, STM32U031F8P6, STM32U031G6Y6TR, STM32U031G8Y6TR, STM32U031K4U6, STM32U031K6U6, STM32U031K8U6, STM32U031R6I6, STM32U031R6T6, STM32U031R8I6, STM32U031R8T6, STM32U073C8T6, STM32U073C8U6, STM32U073CBT6, STM32U073CBU6, STM32U073CCT6, STM32U073CCU6, STM32U073H8Y6TR, STM32U073HBY6TR, STM32U073HCY6TR, STM32U073K8U6, STM32U073KBU6, STM32U073KCU6, STM32U073M8I6, STM32U073M8T6, STM32U073MBI6, STM32U073MBT6, STM32U073MCI6, STM32U073MCT6, STM32U073R8I6, STM32U073R8T6, STM32U073RBI6, STM32U073RBT6, STM32U073RCI6, STM32U073RCT6, STM32U083C-DK, STM32U083CCT6, STM32U083CCU6, STM32U083HCY6TR, STM32U083KCU6, STM32U083MCI6, STM32U083MCT6, STM32U083RCI6, STM32U083RCT6, STM32U375CET6, STM32U375CET6Q, STM32U375CEU6, STM32U375CEU6Q, STM32U375CEY6QTR, STM32U375CGT6, STM32U375CGT6Q, STM32U375CGU6, STM32U375CGU6Q, STM32U375CGY6QTR, STM32U375KEU6, STM32U375KGU6, STM32U375REI6, STM32U375REI6Q, STM32U375RET6, STM32U375RET6Q, STM32U375REY6GTR, STM32U375REY6QTR, STM32U375RGI6, STM32U375RGI6Q, STM32U375RGT6, STM32U375RGT6Q, STM32U375RGY6GTR, STM32U375RGY6QTR, STM32U375VEI6, STM32U375VEI6Q, STM32U375VET6, STM32U375VET6Q, STM32U375VGI6, STM32U375VGI6Q, STM32U375VGT6, STM32U375VGT6Q, STM32U385CGT6, STM32U385CGT6Q, STM32U385CGU6, STM32U385CGU6Q, STM32U385CGY6QTR, STM32U385KGU6, STM32U385RGI6, STM32U385RGI6Q, STM32U385RGT6, STM32U385RGT6Q, STM32U385RGY6GTR, STM32U385RGY6QTR, STM32U385VGI6, STM32U385VGI6Q, STM32U385VGT6, STM32U385VGT6Q, STM32U535CBT6, STM32U535CBT6Q, STM32U535CBU6, STM32U535CBU6Q, STM32U535CCT6, STM32U535CCT6Q, STM32U535CCU6, STM32U535CCU6Q, STM32U535CET6, STM32U535CET6Q, STM32U535CEU6, STM32U535CEU6Q, STM32U535JEY6QTR, STM32U535NCY6QTR, STM32U535NEY6QTR, STM32U535RBI6, STM32U535RBI6Q, STM32U535RBT6, STM32U535RBT6Q, STM32U535RCI6, STM32U535RCI6Q, STM32U535RCT6, STM32U535RCT6Q, STM32U535REI6, STM32U535REI6Q, STM32U535RET6, STM32U535RET6Q, STM32U535VCI6, STM32U535VCI6Q, STM32U535VCT6, STM32U535VCT6Q, STM32U535VEI6, STM32U535VEI6Q, STM32U535VET6, STM32U535VET6Q, STM32U545CET6, STM32U545CET6Q, STM32U545CEU6, STM32U545CEU6Q, STM32U545JEY6QTR, STM32U545NEY6QTR, STM32U545REI6, STM32U545REI6Q, STM32U545RET6, STM32U545RET6Q, STM32U545VEI6, STM32U545VEI6Q, STM32U545VET6, STM32U545VET6Q, STM32U595AIH6, STM32U595AIH6Q, STM32U595AJH6, STM32U595AJH6Q, STM32U595QII6, STM32U595QII6Q, STM32U595QJI6, STM32U595QJI6Q, STM32U595RIT6, STM32U595RIT6Q, STM32U595RJT6, STM32U595RJT6Q, STM32U595VIT6, STM32U595VIT6Q, STM32U595VJT6, STM32U595VJT6Q, STM32U595ZIT6, STM32U595ZIT6Q, STM32U595ZIY6QTR, STM32U595ZJT6, STM32U595ZJT6Q, STM32U595ZJY6QTR, STM32U599BJY6QTR, STM32U599NIH6Q, STM32U599NJH6Q, STM32U599VIT6Q, STM32U599VJT6, STM32U599VJT6Q, STM32U599ZIT6Q, STM32U599ZIY6QTR, STM32U599ZJT6Q, STM32U599ZJY6QTR, STM32U5A5AJH6, STM32U5A5AJH6Q, STM32U5A5QII3Q , STM32U5A5QJI6, STM32U5A5QJI6Q, STM32U5A5RJT6, STM32U5A5RJT6Q, STM32U5A5VJT6, STM32U5A5VJT6Q, STM32U5A5ZJT6, STM32U5A5ZJT6Q, STM32U5A5ZJY6QTR, STM32U5A9BJY6QTR, STM32U5A9J-DK, STM32U5A9NJH6Q, STM32U5A9VJT6Q, STM32U5A9ZJT6Q, STM32U5A9ZJY6QTR, STM32U5F7VIT6, STM32U5F7VIT6Q, STM32U5F7VJT6, STM32U5F7VJT6Q, STM32U5F9BJY6QTR, STM32U5F9NJH6Q, STM32U5F9VIT6Q, STM32U5F9VJT6Q, STM32U5F9ZIJ6QTR, STM32U5F9ZIT6Q, STM32U5F9ZJJ6QTR, STM32U5F9ZJT6Q, STM32U5G7VJT6, STM32U5G7VJT6Q, STM32U5G9BJY6QTR, STM32U5G9J-DK1, STM32U5G9J-DK2, STM32U5G9NJH6Q, STM32U5G9VJT6Q, STM32U5G9ZJJ6QTR, STM32U5G9ZJT6Q, STM32WB05KZV6TR, STM32WB05KZV7TR, STM32WB05TZF6TR, STM32WB05TZF7TR, STM32WB06CCF6TR, STM32WB06CCF7TR, STM32WB06CCV6TR, STM32WB06CCV7TR, STM32WB06KCV6TR, STM32WB06KCV7TR, STM32WB07CCF6TR, STM32WB07CCF7TR, STM32WB07CCV6TR, STM32WB07CCV7TR, STM32WB07KCV6TR, STM32WB07KCV7TR, STM32WB09KEV6TR, STM32WB09KEV7TR, STM32WB09TEF6TR, STM32WB09TEF7TR, STM32WB1MMCH6, STM32WBA50KGU6, STM32WBA50KGU6TR, STM32WBA52CEU6, STM32WBA52CEU6TR, STM32WBA52CEU7, STM32WBA52CEU7TR, STM32WBA52CGU6, STM32WBA52CGU6TR, STM32WBA52CGU6U, STM32WBA52CGU7, STM32WBA52CGU7TR, STM32WBA52KEU6, STM32WBA52KEU6TR, STM32WBA52KGU6, STM32WBA52KGU6TR, STM32WBA54CEU6, STM32WBA54CEU6TR, STM32WBA54CEU7, STM32WBA54CEU7TR, STM32WBA54CGU6, STM32WBA54CGU6TR, STM32WBA54CGU7, STM32WBA54CGU7TR, STM32WBA54KEU6, STM32WBA54KEU6TR, STM32WBA54KEU7, STM32WBA54KEU7TR, STM32WBA54KGU6, STM32WBA54KGU6TR, STM32WBA54KGU7, STM32WBA54KGU7TR, STM32WBA55CEU6, STM32WBA55CEU6TR, STM32WBA55CEU7, STM32WBA55CEU7TR, STM32WBA55CGU6, STM32WBA55CGU6TR, STM32WBA55CGU6U, STM32WBA55CGU7, STM32WBA55CGU7TR, STM32WBA55G-DK1, STM32WBA55HEF6, STM32WBA55HEF7, STM32WBA55HGF6, STM32WBA55HGF7, STM32WBA55UEI6, STM32WBA55UEI6TR, STM32WBA55UEI7, STM32WBA55UEI7TR, STM32WBA55UGI6, STM32WBA55UGI6TR, STM32WBA55UGI7, STM32WBA55UGI7TR, STM32WBA5MJGH6TR, STM32WBA62CGU6, STM32WBA62CIU6, STM32WBA62MGF6, STM32WBA62MIF6, STM32WBA62PGI6, STM32WBA62PII6, STM32WBA63CGU6, STM32WBA63CGU7, STM32WBA63CIU6, STM32WBA63CIU7, STM32WBA64CGU6, STM32WBA64CGU7, STM32WBA64CIU6, STM32WBA64CIU7, STM32WBA65CGU6, STM32WBA65CGU7, STM32WBA65CIU6, STM32WBA65CIU7, STM32WBA65I-DK1, STM32WBA65MGF6, STM32WBA65MGF7, STM32WBA65MIF6, STM32WBA65MIF7, STM32WBA65PGI6, STM32WBA65PGI7, STM32WBA65PII6, STM32WBA65PII7, STM32WBA65RGV6, STM32WBA65RGV7, STM32WBA65RIV6, STM32WBA65RIV7, STM32WL30K8V6, STM32WL30KBV6, STM32WL31C8V6, STM32WL31CBV6, STM32WL31K8V6, STM32WL31KBV6, STM32WL33C8V6, STM32WL33C8V6TR, STM32WL33C8V7, STM32WL33C8V7TR, STM32WL33CBV6, STM32WL33CBV6TR, STM32WL33CBV7, STM32WL33CBV7TR, STM32WL33CCV6, STM32WL33CCV6TR, STM32WL33CCV7, STM32WL33CCV7A, STM32WL33CCV7ATR, STM32WL33CCV7TR, STM32WL33K8V6, STM32WL33K8V6TR, STM32WL33K8V7, STM32WL33K8V7TR, STM32WL33KBV6, STM32WL33KBV6TR, STM32WL33KBV7, STM32WL33KBV7TR, STM32WL33KCV6, STM32WL33KCV6TR, STM32WL33KCV7, STM32WL33KCV7TR, STM32WL5MOCH6, STM32WL5MOCH6TR]
2025-03-20 20:49:28,148 [INFO] DbMcus:218 - Found 4682 MCUs, 4682 are supported
2025-03-20 20:49:28,149 [INFO] ApiDb:423 - Load user favorites file /home/senyaa/.stm32cubeide/favorites.mcus.txt: 0 item(s)
2025-03-20 20:49:28,149 [INFO] ApiDb:427 - User favorites MCUs=[]
2025-03-20 20:49:28,149 [INFO] DbMcus:224 - Set 0 / 0 favorites MCUs
2025-03-20 20:49:28,527 [INFO] ApiDb:414 - User favorites file not found: /home/senyaa/.stm32cubeide/favorites.boards.txt
2025-03-20 20:49:28,528 [INFO] DbBoards:198 - Set 0 / 0 favorites Boards
2025-03-20 20:49:28,528 [INFO] McuFinderGlobals:76 - Set McuFinderConnectedMode to true
2025-03-20 20:49:28,536 [INFO] MultiScanPanel:200 - Auto-refresh data requested => check proxy status ongoing
2025-03-20 20:49:28,538 [INFO] FinderPluginLoader:95 - Searching for filters in installed packs
2025-03-20 20:49:29,620 [INFO] LoadUrlFilesThread:185 - End of LoadServerUrlFiles without Thread
2025-03-20 20:49:29,661 [INFO] DetailPanel:341 - Set advertising image to /home/senyaa/STM32Cube/Repository//en.prom-stm32u3-mcu-finder.jpg
2025-03-20 20:50:00,517 [INFO] MainUpdater:2872 - connection check result : 10
2025-03-20 20:50:00,518 [INFO] MainUpdater:2872 - connection check result : 10
2025-03-20 20:50:00,530 [INFO] MicroXplorer:468 - Change Database Path : 
2025-03-20 20:50:00,530 [INFO] MicroXplorer:498 - Change Database Version : DB.6.0.140
2025-03-20 20:50:00,536 [WARN] ThirdParty:871 - waiting for thirdparty lock release [close project]
2025-03-20 20:50:00,537 [INFO] ThirdParty:873 - entering critical section [close project]
2025-03-20 20:50:00,539 [INFO] ThirdParty:883 - exiting critical section [close project]
2025-03-20 20:50:00,541 [INFO] PinOutPanel:1589 - setPackage(No Configuration,No Configuration)
2025-03-20 20:50:00,545 [INFO] UtilMem:75 - Begin LoadConfig() Used Memory: 754659480 Bytes (969932800)
2025-03-20 20:50:00,546 [INFO] MicroXplorer:468 - Change Database Path : 
2025-03-20 20:50:00,547 [INFO] MicroXplorer:498 - Change Database Version : DB.6.0.140
2025-03-20 20:50:00,547 [INFO] OpenFileManager:354 - Change cursor
2025-03-20 20:50:00,593 [INFO] Mcu:2011 - Initializing MCU STM32F407V(E-G)Tx STM32F407VETx STM32F407VET6
2025-03-20 20:50:01,860 [INFO] Context:756 - Trying to add GPIOservice into a context  which must be forbidden
2025-03-20 20:50:02,346 [INFO] ImportTextPane:218 - (OptionalMessage_ERROR) Pin78 (VP_RIF_VS_RIF1) cannot be retrieved for this MCU
2025-03-20 20:50:02,405 [INFO] RtosManager:558 - Registered RTOS mode: class=CMSIS, group=RTOS, mode=CMSIS_V1, owner=FREERTOS
2025-03-20 20:50:02,406 [INFO] RtosManager:558 - Registered RTOS mode: class=CMSIS, group=RTOS2, mode=CMSIS_V2, owner=FREERTOS
2025-03-20 20:50:02,406 [INFO] RtosManager:558 - Registered RTOS mode: class=RTOS, group=Core, mode=CMSIS_V1, owner=FREERTOS
2025-03-20 20:50:02,406 [INFO] RtosManager:558 - Registered RTOS mode: class=RTOS, group=Core, mode=CMSIS_V2, owner=FREERTOS
2025-03-20 20:50:02,406 [WARN] ModelIntegratedComponent:184 - Missing modes for component STMicroelectronics:FreeRTOS:0.0.1:STMicroelectronics:RTOS:FreeRTOS:Core:::10.2.0:
2025-03-20 20:50:02,423 [WARN] ModelIntegratedComponent:63 - No mode defined for component null
2025-03-20 20:50:02,423 [WARN] ModelIntegratedComponent:63 - No mode defined for component null
2025-03-20 20:50:02,423 [WARN] ModelIntegratedComponent:63 - No mode defined for component null
2025-03-20 20:50:02,423 [WARN] ModelIntegratedComponent:63 - No mode defined for component null
2025-03-20 20:50:02,423 [WARN] ModelIntegratedComponent:63 - No mode defined for component null
2025-03-20 20:50:02,423 [WARN] ModelIntegratedComponent:63 - No mode defined for component null
2025-03-20 20:50:02,423 [WARN] ModelIntegratedComponent:63 - No mode defined for component null
2025-03-20 20:50:02,423 [WARN] ModelIntegratedComponent:63 - No mode defined for component null
2025-03-20 20:50:02,423 [WARN] ModelIntegratedComponent:63 - No mode defined for component null
2025-03-20 20:50:02,423 [WARN] ModelIntegratedComponent:63 - No mode defined for component null
2025-03-20 20:50:02,423 [WARN] ModelIntegratedComponent:63 - No mode defined for component null
2025-03-20 20:50:02,423 [WARN] ModelIntegratedComponent:63 - No mode defined for component null
2025-03-20 20:50:02,423 [WARN] ModelIntegratedComponent:63 - No mode defined for component null
2025-03-20 20:50:02,423 [WARN] ModelIntegratedComponent:63 - No mode defined for component null
2025-03-20 20:50:02,423 [WARN] ModelIntegratedComponent:63 - No mode defined for component null
2025-03-20 20:50:02,423 [WARN] ModelIntegratedComponent:63 - No mode defined for component null
2025-03-20 20:50:02,423 [WARN] ModelIntegratedComponent:63 - No mode defined for component null
2025-03-20 20:50:02,423 [WARN] ModelIntegratedComponent:63 - No mode defined for component null
2025-03-20 20:50:02,424 [WARN] ModelIntegratedComponent:63 - No mode defined for component null
2025-03-20 20:50:02,424 [WARN] ModelIntegratedComponent:63 - No mode defined for component null
2025-03-20 20:50:02,424 [WARN] ModelIntegratedComponent:63 - No mode defined for component null
2025-03-20 20:50:02,424 [WARN] ModelIntegratedComponent:63 - No mode defined for component null
2025-03-20 20:50:02,424 [WARN] ModelIntegratedComponent:63 - No mode defined for component null
2025-03-20 20:50:02,424 [WARN] ModelIntegratedComponent:63 - No mode defined for component null
2025-03-20 20:50:02,424 [WARN] ModelIntegratedComponent:63 - No mode defined for component null
2025-03-20 20:50:02,424 [WARN] ModelIntegratedComponent:63 - No mode defined for component null
2025-03-20 20:50:02,424 [WARN] ModelIntegratedComponent:63 - No mode defined for component null
2025-03-20 20:50:02,424 [WARN] ModelIntegratedComponent:63 - No mode defined for component null
2025-03-20 20:50:02,424 [WARN] ModelIntegratedComponent:63 - No mode defined for component null
2025-03-20 20:50:02,424 [WARN] ModelIntegratedComponent:63 - No mode defined for component null
2025-03-20 20:50:02,424 [WARN] ModelIntegratedComponent:63 - No mode defined for component null
2025-03-20 20:50:02,424 [WARN] ModelIntegratedComponent:63 - No mode defined for component null
2025-03-20 20:50:02,424 [WARN] ModelIntegratedComponent:63 - No mode defined for component null
2025-03-20 20:50:02,424 [WARN] ModelIntegratedComponent:63 - No mode defined for component null
2025-03-20 20:50:02,424 [WARN] ModelIntegratedComponent:63 - No mode defined for component null
2025-03-20 20:50:02,424 [WARN] ModelPack:524 - Component already loaded: STMicroelectronics:HAL Drivers:0.0.0:STMicroelectronics:Device:STMicro_Driver:XSPI:HAL::0.0.1:HAL_XSPI
2025-03-20 20:50:02,509 [INFO] ThirdPartyModel:298 - Start build external matchings
2025-03-20 20:50:02,853 [INFO] ThirdPartyModel:316 - End build external matchings
2025-03-20 20:50:02,862 [INFO] RtosManager:967 - Current active RTOS is FREERTOS [Cortex-M4NS]
2025-03-20 20:50:02,870 [INFO] ImportTextPane:218 - (OptionalMessage_ERROR) IP (DMA) : Parameter (Instance) has Id (ADC1) currently not set
2025-03-20 20:50:02,870 [INFO] ImportTextPane:218 - (OptionalMessage_ERROR) IP (DMA) : Parameter (Channel) has Id (ADC1) currently not set
2025-03-20 20:50:02,870 [INFO] ImportTextPane:218 - (OptionalMessage_ERROR) IP (DMA) : Parameter (Direction) has Id (ADC1) currently not set
2025-03-20 20:50:02,870 [INFO] ImportTextPane:218 - (OptionalMessage_ERROR) IP (DMA) : Parameter (PeriphInc) has Id (ADC1) currently not set
2025-03-20 20:50:02,870 [INFO] ImportTextPane:218 - (OptionalMessage_ERROR) IP (DMA) : Parameter (MemInc) has Id (ADC1) currently not set
2025-03-20 20:50:02,870 [INFO] ImportTextPane:218 - (OptionalMessage_ERROR) IP (DMA) : Parameter (PeriphDataAlignment) has Id (ADC1) currently not set
2025-03-20 20:50:02,871 [INFO] ImportTextPane:218 - (OptionalMessage_ERROR) IP (DMA) : Parameter (MemDataAlignment) has Id (ADC1) currently not set
2025-03-20 20:50:02,871 [INFO] ImportTextPane:218 - (OptionalMessage_ERROR) IP (DMA) : Parameter (Mode) has Id (ADC1) currently not set
2025-03-20 20:50:02,871 [INFO] ImportTextPane:218 - (OptionalMessage_ERROR) IP (DMA) : Parameter (Priority) has Id (ADC1) currently not set
2025-03-20 20:50:02,871 [INFO] ImportTextPane:218 - (OptionalMessage_ERROR) IP (DMA) : Parameter (FIFOMode) has Id (ADC1) currently not set
2025-03-20 20:50:02,877 [INFO] ImportTextPane:218 - (OptionalMessage_ERROR) IP (RCC) : Parameter (RTCHSEDivFreq_Value) has invalid value (4000000)
2025-03-20 20:50:03,054 [INFO] UtilMem:75 - End LoadConfig() Used Memory: 1035601552 Bytes (1073741824)
2025-03-20 20:50:03,181 [WARN] ThirdParty:833 - waiting for thirdparty lock release [change project]
2025-03-20 20:50:03,181 [INFO] ThirdParty:835 - entering critical section [change project]
2025-03-20 20:50:03,181 [INFO] ThirdParty:1030 - CMSIS Pack Vendor :STMicroelectronics USBPD 4.1
2025-03-20 20:50:03,181 [INFO] ThirdParty:1030 - CMSIS Pack Vendor :STMicroelectronics X-CUBE-AZRTOS-H7 3.3.0
2025-03-20 20:50:03,181 [INFO] ThirdParty:1030 - CMSIS Pack Vendor :STMicroelectronics X-CUBE-NFC9 1.0.0
2025-03-20 20:50:03,181 [INFO] ThirdParty:1030 - CMSIS Pack Vendor :STMicroelectronics USB_HOST 2.0.0
2025-03-20 20:50:03,181 [INFO] ThirdParty:1030 - CMSIS Pack Vendor :STMicroelectronics FP-SNS-MOTENVWB1 1.4.0
2025-03-20 20:50:03,181 [INFO] ThirdParty:1030 - CMSIS Pack Vendor :STMicroelectronics X-CUBE-AZRTOS-F4 1.1.0
2025-03-20 20:50:03,181 [INFO] ThirdParty:1030 - CMSIS Pack Vendor :STMicroelectronics LIBJPEG 8.0.0
2025-03-20 20:50:03,181 [INFO] ThirdParty:1030 - CMSIS Pack Vendor :STMicroelectronics FP-ATR-ASTRA1 2.0.2
2025-03-20 20:50:03,181 [INFO] ThirdParty:1030 - CMSIS Pack Vendor :STMicroelectronics FP-ATR-ASTRA1 2.0.1
2025-03-20 20:50:03,181 [INFO] ThirdParty:1030 - CMSIS Pack Vendor :STMicroelectronics X-CUBE-BLE1 7.1.0
2025-03-20 20:50:03,181 [INFO] ThirdParty:1030 - CMSIS Pack Vendor :STMicroelectronics X-CUBE-SMBUS 2.1.0
2025-03-20 20:50:03,181 [INFO] ThirdParty:1030 - CMSIS Pack Vendor :STMicroelectronics X-CUBE-WB05N 1.1.0
2025-03-20 20:50:03,182 [INFO] ThirdParty:1030 - CMSIS Pack Vendor :wolfSSL I-CUBE-wolfMQTT 1.19.2
2025-03-20 20:50:03,182 [INFO] ThirdParty:1030 - CMSIS Pack Vendor :STMicroelectronics USB_DEVICE 3.0.0
2025-03-20 20:50:03,182 [INFO] ThirdParty:1030 - CMSIS Pack Vendor :STMicroelectronics X-CUBE-ISPU 2.1.0
2025-03-20 20:50:03,182 [INFO] ThirdParty:1030 - CMSIS Pack Vendor :STMicroelectronics X-CUBE-AZRTOS-WB 2.0.0
2025-03-20 20:50:03,182 [INFO] ThirdParty:1030 - CMSIS Pack Vendor :STMicroelectronics X-CUBE-GNSS1 7.0.1
2025-03-20 20:50:03,182 [INFO] ThirdParty:1030 - CMSIS Pack Vendor :STMicroelectronics X-CUBE-AZRTOS-F7 1.1.0
2025-03-20 20:50:03,182 [INFO] ThirdParty:1030 - CMSIS Pack Vendor :STMicroelectronics X-CUBE-AZRTOS-L5 2.0.0
2025-03-20 20:50:03,182 [INFO] ThirdParty:1030 - CMSIS Pack Vendor :STMicroelectronics X-CUBE-TOUCHGFX 4.25.0
2025-03-20 20:50:03,182 [INFO] ThirdParty:1030 - CMSIS Pack Vendor :STMicroelectronics USB_DEVICE 2.0.0
2025-03-20 20:50:03,182 [INFO] ThirdParty:1030 - CMSIS Pack Vendor :STMicroelectronics X-CUBE-NFC6 3.1.0
2025-03-20 20:50:03,182 [INFO] ThirdParty:1030 - CMSIS Pack Vendor :STMicroelectronics FP-SNS-STBOX1 2.0.0
2025-03-20 20:50:03,182 [INFO] ThirdParty:1030 - CMSIS Pack Vendor :STMicroelectronics FreeRTOS 0.0.1
2025-03-20 20:50:03,182 [INFO] ThirdParty:1030 - CMSIS Pack Vendor :STMicroelectronics X-CUBE-AZRTOS-G0 1.1.0
2025-03-20 20:50:03,182 [INFO] ThirdParty:1030 - CMSIS Pack Vendor :STMicroelectronics X-CUBE-SAFEA1 1.2.2
2025-03-20 20:50:03,182 [INFO] ThirdParty:1030 - CMSIS Pack Vendor :STMicroelectronics X-CUBE-NFC4 3.0.0
2025-03-20 20:50:03,182 [INFO] ThirdParty:1030 - CMSIS Pack Vendor :STMicroelectronics X-CUBE-DPower 1.2.0
2025-03-20 20:50:03,182 [INFO] ThirdParty:1030 - CMSIS Pack Vendor :STMicroelectronics X-CUBE-SUBG2 5.0.0
2025-03-20 20:50:03,182 [INFO] ThirdParty:1030 - CMSIS Pack Vendor :STMicroelectronics X-CUBE-AZRTOS-H7RS 1.1.0
2025-03-20 20:50:03,182 [INFO] ThirdParty:1030 - CMSIS Pack Vendor :STMicroelectronics STM32_WPAN 1.0.0
2025-03-20 20:50:03,182 [INFO] ThirdParty:1030 - CMSIS Pack Vendor :EmbeddedOffice I-CUBE-FS-RTOS 1.0.1
2025-03-20 20:50:03,182 [INFO] ThirdParty:1030 - CMSIS Pack Vendor :STMicroelectronics lwIP 2.0.3
2025-03-20 20:50:03,182 [INFO] ThirdParty:1030 - CMSIS Pack Vendor :STMicroelectronics FP-SNS-FLIGHT1 5.0.2
2025-03-20 20:50:03,182 [INFO] ThirdParty:1030 - CMSIS Pack Vendor :Cesanta I-CUBE-Mongoose 7.13.0
2025-03-20 20:50:03,182 [INFO] ThirdParty:1030 - CMSIS Pack Vendor :STMicroelectronics USB_HOST 1.0.0
2025-03-20 20:50:03,182 [INFO] ThirdParty:1030 - CMSIS Pack Vendor :Infineon AIROC-Wi-Fi-Bluetooth-STM32 1.7.0
2025-03-20 20:50:03,182 [INFO] ThirdParty:1030 - CMSIS Pack Vendor :STMicroelectronics X-CUBE-AZRTOS-G4 2.0.0
2025-03-20 20:50:03,182 [INFO] ThirdParty:1030 - CMSIS Pack Vendor :STMicroelectronics PDM2PCM 3.1.0
2025-03-20 20:50:03,182 [INFO] ThirdParty:1030 - CMSIS Pack Vendor :STMicroelectronics PDM2PCM 3.3.0
2025-03-20 20:50:03,183 [INFO] ThirdParty:1030 - CMSIS Pack Vendor :wolfSSL I-CUBE-wolfTPM 3.8.0
2025-03-20 20:50:03,183 [INFO] ThirdParty:1030 - CMSIS Pack Vendor :STMicroelectronics X-CUBE-DISPLAY 3.0.0
2025-03-20 20:50:03,183 [INFO] ThirdParty:1030 - CMSIS Pack Vendor :wolfSSL I-CUBE-wolfSSH 1.4.20
2025-03-20 20:50:03,183 [INFO] ThirdParty:1030 - CMSIS Pack Vendor :STMicroelectronics X-CUBE-TCPP 4.2.0
2025-03-20 20:50:03,183 [INFO] ThirdParty:1030 - CMSIS Pack Vendor :RealThread X-CUBE-RT-Thread_Nano 4.1.1
2025-03-20 20:50:03,183 [INFO] ThirdParty:1030 - CMSIS Pack Vendor :STMicroelectronics X-CUBE-BLE1 7.0.0
2025-03-20 20:50:03,183 [INFO] ThirdParty:1030 - CMSIS Pack Vendor :STMicroelectronics FP-ATR-SIGFOX1 3.2.0
2025-03-20 20:50:03,183 [INFO] ThirdParty:1030 - CMSIS Pack Vendor :STMicroelectronics X-CUBE-NFC10 1.0.0
2025-03-20 20:50:03,183 [INFO] ThirdParty:1030 - CMSIS Pack Vendor :quantropi X-CUBE-qispace-sdk-base 1.9.3
2025-03-20 20:50:03,183 [INFO] ThirdParty:1030 - CMSIS Pack Vendor :STMicroelectronics X-CUBE-BLEMGR 4.0.0
2025-03-20 20:50:03,183 [INFO] ThirdParty:1030 - CMSIS Pack Vendor :STMicroelectronics X-CUBE-EEPRMA1 5.1.0
2025-03-20 20:50:03,183 [INFO] ThirdParty:1030 - CMSIS Pack Vendor :STMicroelectronics HAL Drivers 0.0.0
2025-03-20 20:50:03,183 [INFO] ThirdParty:1030 - CMSIS Pack Vendor :STMicroelectronics MBEDTLS 2.16.2
2025-03-20 20:50:03,183 [INFO] ThirdParty:1030 - CMSIS Pack Vendor :STMicroelectronics X-CUBE-IPS 3.1.0
2025-03-20 20:50:03,184 [INFO] ThirdParty:1030 - CMSIS Pack Vendor :STMicroelectronics X-CUBE-ALS 1.0.2
2025-03-20 20:50:03,184 [INFO] ThirdParty:1030 - CMSIS Pack Vendor :emotas I-CUBE-CANOPEN 1.3.0
2025-03-20 20:50:03,184 [INFO] ThirdParty:1030 - CMSIS Pack Vendor :STMicroelectronics X-CUBE-FREERTOS 1.3.0
2025-03-20 20:50:03,184 [INFO] ThirdParty:1030 - CMSIS Pack Vendor :STMicroelectronics X-CUBE-NFC7 1.0.1
2025-03-20 20:50:03,184 [INFO] ThirdParty:1030 - CMSIS Pack Vendor :STMicroelectronics MBEDTLS 2.14.1
2025-03-20 20:50:03,184 [INFO] ThirdParty:1030 - CMSIS Pack Vendor :wolfSSL I-CUBE-wolfSSL 5.7.6
2025-03-20 20:50:03,184 [INFO] ThirdParty:1030 - CMSIS Pack Vendor :ITTIA_DB I-CUBE-ITTIADB 8.9.0
2025-03-20 20:50:03,184 [INFO] ThirdParty:1030 - CMSIS Pack Vendor :STMicroelectronics X-CUBE-TOUCHGFX 4.24.2
2025-03-20 20:50:03,184 [INFO] ThirdParty:1030 - CMSIS Pack Vendor :portGmbH I-Cube-SoM-uGOAL 1.1.0
2025-03-20 20:50:03,184 [INFO] ThirdParty:1030 - CMSIS Pack Vendor :STMicroelectronics X-CUBE-AI 10.0.0
2025-03-20 20:50:03,184 [INFO] ThirdParty:1030 - CMSIS Pack Vendor :STMicroelectronics ThreadX 1.0.0
2025-03-20 20:50:03,184 [INFO] ThirdParty:1030 - CMSIS Pack Vendor :STMicroelectronics FP-SNS-SMARTAG2 1.2.0
2025-03-20 20:50:03,184 [INFO] ThirdParty:1030 - CMSIS Pack Vendor :STMicroelectronics FP-SNS-FLIGHT1 5.1.0
2025-03-20 20:50:03,184 [INFO] ThirdParty:1030 - CMSIS Pack Vendor :STMicroelectronics X-CUBE-MEMS1 11.1.0
2025-03-20 20:50:03,184 [INFO] ThirdParty:1030 - CMSIS Pack Vendor :STMicroelectronics X-CUBE-AZRTOS-WL 2.0.0
2025-03-20 20:50:03,184 [INFO] ThirdParty:1030 - CMSIS Pack Vendor :SEGGER I-CUBE-embOS 1.3.1
2025-03-20 20:50:03,184 [INFO] ThirdParty:1030 - CMSIS Pack Vendor :STMicroelectronics X-CUBE-ALGOBUILD 1.4.0
2025-03-20 20:50:03,184 [INFO] ThirdParty:1030 - CMSIS Pack Vendor :STMicroelectronics FP-SNS-MOTENV1 5.0.0
2025-03-20 20:50:03,184 [INFO] ThirdParty:1030 - CMSIS Pack Vendor :STMicroelectronics USB_DEVICE 1.0.0
2025-03-20 20:50:03,184 [INFO] ThirdParty:1030 - CMSIS Pack Vendor :STMicroelectronics X-CUBE-AZRTOS-H7RS 1.0.0
2025-03-20 20:50:03,184 [INFO] ThirdParty:1030 - CMSIS Pack Vendor :STMicroelectronics X-CUBE-AZRTOS-L4 2.0.0
2025-03-20 20:50:03,184 [INFO] ThirdParty:1030 - CMSIS Pack Vendor :STMicroelectronics ThreadX 0.0.2
2025-03-20 20:50:03,184 [INFO] ThirdParty:1030 - CMSIS Pack Vendor :WES I-CUBE-Cesium 1.3.0
2025-03-20 20:50:03,185 [INFO] ThirdParty:1030 - CMSIS Pack Vendor :STMicroelectronics lwIP 2.1.2
2025-03-20 20:50:03,185 [INFO] ThirdParty:1030 - CMSIS Pack Vendor :STMicroelectronics X-CUBE-SFXS2LP1 4.0.0
2025-03-20 20:50:03,185 [INFO] ThirdParty:1030 - CMSIS Pack Vendor :STMicroelectronics X-CUBE-BLE2 3.3.0
2025-03-20 20:50:03,185 [INFO] ThirdParty:1030 - CMSIS Pack Vendor :STMicroelectronics X-CUBE-TOF1 3.4.2
2025-03-20 20:50:03,185 [INFO] ThirdParty:1030 - CMSIS Pack Vendor :STMicroelectronics PDM2PCM 3.2.0
2025-03-20 20:50:03,185 [INFO] ThirdParty:841 - exiting critical section [change project]
2025-03-20 20:50:03,507 [INFO] PinOutPanel:1589 - setPackage(No Configuration,No Configuration)
2025-03-20 20:50:03,508 [INFO] PinOutPanel:1589 - setPackage(STM32F407VETx,LQFP100)
2025-03-20 20:50:03,846 [INFO] UtilMem:75 - Before build in PCC Used Memory: 981163256 Bytes (1073741824)
2025-03-20 20:50:04,328 [INFO] UtilMem:75 - After build in PCC Used Memory: 827435248 Bytes (1073741824)
2025-03-20 20:50:04,375 [INFO] ApiDbMcu:508 - Load IP Config File for FREERTOS
2025-03-20 20:50:04,388 [INFO] ApiDbMcu:508 - Load IP Config File for USB_HOST
2025-03-20 20:50:04,422 [INFO] IPUIPlugin:80 - create IPUIPlugin
2025-03-20 20:50:04,422 [INFO] IPUIPlugin:80 - create IPUIPlugin
2025-03-20 20:50:04,422 [INFO] IPUIPlugin:80 - create IPUIPlugin
2025-03-20 20:50:04,422 [INFO] IPUIPlugin:80 - create IPUIPlugin
2025-03-20 20:50:04,423 [INFO] IPUIPlugin:80 - create IPUIPlugin
2025-03-20 20:50:04,423 [INFO] IPUIPlugin:80 - create IPUIPlugin
2025-03-20 20:50:04,423 [INFO] IPUIPlugin:80 - create IPUIPlugin
2025-03-20 20:50:04,423 [INFO] IPUIPlugin:80 - create IPUIPlugin
2025-03-20 20:50:04,423 [INFO] IPUIPlugin:80 - create IPUIPlugin
2025-03-20 20:50:04,423 [INFO] IPUIPlugin:80 - create IPUIPlugin
2025-03-20 20:50:04,423 [INFO] IPUIPlugin:80 - create IPUIPlugin
2025-03-20 20:50:04,424 [INFO] IPUIPlugin:80 - create IPUIPlugin
2025-03-20 20:50:04,424 [INFO] IPUIPlugin:80 - create IPUIPlugin
2025-03-20 20:50:04,424 [INFO] IPUIPlugin:80 - create IPUIPlugin
2025-03-20 20:50:04,424 [INFO] IPUIPlugin:80 - create IPUIPlugin
2025-03-20 20:50:04,424 [INFO] IPUIPlugin:80 - create IPUIPlugin
2025-03-20 20:50:04,424 [INFO] IPUIPlugin:80 - create IPUIPlugin
2025-03-20 20:50:04,424 [INFO] IPUIPlugin:80 - create IPUIPlugin
2025-03-20 20:50:04,425 [INFO] IPUIPlugin:80 - create IPUIPlugin
2025-03-20 20:50:04,425 [INFO] IPUIPlugin:80 - create IPUIPlugin
2025-03-20 20:50:04,425 [INFO] IPUIPlugin:80 - create IPUIPlugin
2025-03-20 20:50:04,425 [INFO] IPUIPlugin:80 - create IPUIPlugin
2025-03-20 20:50:04,425 [INFO] IPUIPlugin:80 - create IPUIPlugin
2025-03-20 20:50:04,425 [INFO] IPUIPlugin:80 - create IPUIPlugin
2025-03-20 20:50:04,425 [INFO] IPUIPlugin:80 - create IPUIPlugin
2025-03-20 20:50:04,426 [INFO] IPUIPlugin:80 - create IPUIPlugin
2025-03-20 20:50:04,426 [INFO] IPUIPlugin:80 - create IPUIPlugin
2025-03-20 20:50:04,426 [INFO] IPUIPlugin:80 - create IPUIPlugin
2025-03-20 20:50:04,426 [INFO] IPUIPlugin:80 - create IPUIPlugin
2025-03-20 20:50:04,426 [INFO] IPUIPlugin:80 - create IPUIPlugin
2025-03-20 20:50:04,426 [INFO] IPUIPlugin:80 - create IPUIPlugin
2025-03-20 20:50:04,427 [INFO] IPUIPlugin:80 - create IPUIPlugin
2025-03-20 20:50:04,427 [INFO] IPUIPlugin:80 - create IPUIPlugin
2025-03-20 20:50:04,427 [INFO] IPUIPlugin:80 - create IPUIPlugin
2025-03-20 20:50:04,427 [INFO] IPUIPlugin:80 - create IPUIPlugin
2025-03-20 20:50:04,427 [INFO] IPUIPlugin:80 - create IPUIPlugin
2025-03-20 20:50:04,427 [INFO] IPUIPlugin:80 - create IPUIPlugin
2025-03-20 20:50:04,427 [INFO] IPUIPlugin:80 - create IPUIPlugin
2025-03-20 20:50:04,428 [INFO] IPUIPlugin:80 - create IPUIPlugin
2025-03-20 20:50:04,428 [INFO] IPUIPlugin:80 - create IPUIPlugin
2025-03-20 20:50:04,428 [INFO] IPUIPlugin:80 - create IPUIPlugin
2025-03-20 20:50:04,428 [INFO] IPUIPlugin:80 - create IPUIPlugin
2025-03-20 20:50:04,428 [INFO] IPUIPlugin:80 - create IPUIPlugin
2025-03-20 20:50:04,428 [INFO] IPUIPlugin:80 - create IPUIPlugin
2025-03-20 20:50:04,428 [INFO] IPUIPlugin:80 - create IPUIPlugin
2025-03-20 20:50:04,428 [INFO] IPUIPlugin:80 - create IPUIPlugin
2025-03-20 20:50:04,429 [INFO] IPUIPlugin:80 - create IPUIPlugin
2025-03-20 20:50:04,429 [INFO] IPUIPlugin:80 - create IPUIPlugin
2025-03-20 20:50:04,429 [INFO] IPUIPlugin:80 - create IPUIPlugin
2025-03-20 20:50:04,429 [INFO] IPUIPlugin:80 - create IPUIPlugin
2025-03-20 20:50:04,429 [INFO] IPUIPlugin:80 - create IPUIPlugin
2025-03-20 20:50:04,429 [INFO] IPUIPlugin:80 - create IPUIPlugin
2025-03-20 20:50:04,429 [INFO] IPUIPlugin:80 - create IPUIPlugin
2025-03-20 20:50:04,430 [INFO] IPUIPlugin:80 - create IPUIPlugin
2025-03-20 20:50:04,430 [INFO] IPUIPlugin:80 - create IPUIPlugin
2025-03-20 20:50:04,430 [INFO] IPUIPlugin:80 - create IPUIPlugin
2025-03-20 20:50:04,431 [INFO] IPUIPlugin:80 - create IPUIPlugin
2025-03-20 20:50:04,431 [INFO] IPUIPlugin:80 - create IPUIPlugin
2025-03-20 20:50:04,436 [INFO] ApiDbMcu:508 - Load IP Config File for PDM2PCM
2025-03-20 20:50:04,442 [WARN] IP:2250 - I2C_Coeff_DF not found: check if there is a RefParameter without a condition.
2025-03-20 20:50:04,442 [WARN] IP:2250 - Analog_Filter not found: check if there is a RefParameter without a condition.
2025-03-20 20:50:04,463 [WARN] FreeRTOS:1023 - Null or empty value: should not occur! (nothing added to the table)
2025-03-20 20:50:04,591 [INFO] CADModel:165 - CPN selected for project levelSTM32F407VET6
2025-03-20 20:50:04,592 [INFO] CADModel:114 - Register for checkConnection events
2025-03-20 20:50:04,593 [INFO] RtosManager:725 - Active RTOS found at IOC load: FREERTOS [Cortex-M4NS]
2025-03-20 20:50:04,632 [INFO] OpenFileManager:385 - Restore cursor
2025-03-20 20:50:04,976 [WARN] IP:2250 - I2C_Coeff_DF not found: check if there is a RefParameter without a condition.
2025-03-20 20:50:04,977 [WARN] IP:2250 - Analog_Filter not found: check if there is a RefParameter without a condition.
2025-03-20 20:50:04,977 [WARN] IP:2250 - I2C_Coeff_DF not found: check if there is a RefParameter without a condition.
2025-03-20 20:50:04,977 [WARN] IP:2250 - Analog_Filter not found: check if there is a RefParameter without a condition.
2025-03-20 20:50:11,174 [INFO] UtilMem:75 - End SaveConfig() Used Memory: 889553520 Bytes (1073741824)
2025-03-20 20:50:13,033 [INFO] UtilMem:75 - End SaveConfig() Used Memory: 941455984 Bytes (1073741824)
2025-03-20 20:50:16,279 [INFO] UtilMem:75 - End SaveConfig() Used Memory: 892059320 Bytes (1073741824)
2025-03-20 20:50:18,760 [INFO] BlockDiagram:2775 - set Specific Code input for plugin: SPI
2025-03-20 20:50:18,760 [INFO] BlockDiagram:2775 - set Specific Code input for plugin: FSMC
2025-03-20 20:50:18,760 [INFO] BlockDiagram:2775 - set Specific Code input for plugin: SPI
2025-03-20 20:50:18,760 [INFO] BlockDiagram:2775 - set Specific Code input for plugin: FREERTOS
2025-03-20 20:50:18,760 [INFO] BlockDiagram:2775 - set Specific Code input for plugin: TIM6_7
2025-03-20 20:50:18,760 [INFO] BlockDiagram:2775 - set Specific Code input for plugin: SYS
2025-03-20 20:50:18,760 [INFO] BlockDiagram:2775 - set Specific Code input for plugin: ADC
2025-03-20 20:50:18,760 [INFO] BlockDiagram:2775 - set Specific Code input for plugin: RCC
2025-03-20 20:50:18,760 [INFO] BlockDiagram:2775 - set Specific Code input for plugin: CRC
2025-03-20 20:50:18,760 [INFO] BlockDiagram:2775 - set Specific Code input for plugin: I2C
2025-03-20 20:50:18,760 [INFO] BlockDiagram:2775 - set Specific Code input for plugin: USB_OTG_FS
2025-03-20 20:50:18,761 [INFO] BlockDiagram:2775 - set Specific Code input for plugin: NVIC
2025-03-20 20:50:18,761 [INFO] BlockDiagram:2775 - set Specific Code input for plugin: USB_HOST
2025-03-20 20:50:18,761 [INFO] BlockDiagram:2775 - set Specific Code input for plugin: USART
2025-03-20 20:50:18,761 [INFO] BlockDiagram:2775 - set Specific Code input for plugin: USART
2025-03-20 20:50:18,761 [INFO] BlockDiagram:2775 - set Specific Code input for plugin: DMA
2025-03-20 20:50:18,761 [INFO] BlockDiagram:2775 - set Specific Code input for plugin: UART
2025-03-20 20:50:18,762 [INFO] BlockDiagram:2775 - set Specific Code input for plugin: GPIO
2025-03-20 20:50:18,762 [INFO] CodeGenerator:882 - code generatio: config db path: /opt/stm32cubeide/plugins/com.st.stm32cube.common.mx_6.14.0.202502271554//db/
2025-03-20 20:50:18,811 [WARN] IP:2250 - I2C_Coeff_DF not found: check if there is a RefParameter without a condition.
2025-03-20 20:50:18,811 [WARN] IP:2250 - Analog_Filter not found: check if there is a RefParameter without a condition.
2025-03-20 20:50:18,954 [INFO] CodeEngine:263 - oldGeneratedFile, /home/senyaa/Projects/Arduino/Arduino_RX_TX/STM32IDE_WorkspaceFolder/Arduino_TX_HAL/MXTmpFiles/license.tmp_save
2025-03-20 20:50:19,219 [INFO] CodeEngine:287 - Generated code: /home/senyaa/Projects/Arduino/Arduino_RX_TX/STM32IDE_WorkspaceFolder/Arduino_TX_HAL/MXTmpFiles/license.tmp
2025-03-20 20:50:19,331 [INFO] CodeEngine:263 - oldGeneratedFile, /home/senyaa/Projects/Arduino/Arduino_RX_TX/STM32IDE_WorkspaceFolder/Arduino_TX_HAL/Core/Src/gpio.c_save
2025-03-20 20:50:19,459 [INFO] CodeEngine:287 - Generated code: /home/senyaa/Projects/Arduino/Arduino_RX_TX/STM32IDE_WorkspaceFolder/Arduino_TX_HAL/Core/Src/gpio.c
2025-03-20 20:50:19,461 [INFO] CodeEngine:263 - oldGeneratedFile, /home/senyaa/Projects/Arduino/Arduino_RX_TX/STM32IDE_WorkspaceFolder/Arduino_TX_HAL/Core/Inc/gpio.h_save
2025-03-20 20:50:19,522 [INFO] CodeEngine:287 - Generated code: /home/senyaa/Projects/Arduino/Arduino_RX_TX/STM32IDE_WorkspaceFolder/Arduino_TX_HAL/Core/Inc/gpio.h
2025-03-20 20:50:19,650 [WARN] IPConfigManager:3174 - Warning: the RefConfig PWREx_EnableUSBVoltageDetector is not available in your config.xml file
2025-03-20 20:50:19,656 [INFO] CodeEngine:263 - oldGeneratedFile, /home/senyaa/Projects/Arduino/Arduino_RX_TX/STM32IDE_WorkspaceFolder/Arduino_TX_HAL/MXTmpFiles/usb_otg_fs_vars.tmp_save
2025-03-20 20:50:19,752 [INFO] CodeEngine:287 - Generated code: /home/senyaa/Projects/Arduino/Arduino_RX_TX/STM32IDE_WorkspaceFolder/Arduino_TX_HAL/MXTmpFiles/usb_otg_fs_vars.tmp
2025-03-20 20:50:19,754 [INFO] CodeEngine:263 - oldGeneratedFile, /home/senyaa/Projects/Arduino/Arduino_RX_TX/STM32IDE_WorkspaceFolder/Arduino_TX_HAL/MXTmpFiles/usb_otg_fs_inc.tmp_save
2025-03-20 20:50:19,850 [INFO] CodeEngine:287 - Generated code: /home/senyaa/Projects/Arduino/Arduino_RX_TX/STM32IDE_WorkspaceFolder/Arduino_TX_HAL/MXTmpFiles/usb_otg_fs_inc.tmp
2025-03-20 20:50:19,852 [INFO] CodeEngine:263 - oldGeneratedFile, /home/senyaa/Projects/Arduino/Arduino_RX_TX/STM32IDE_WorkspaceFolder/Arduino_TX_HAL/MXTmpFiles/usb_otg_fs_HalInit.tmp_save
2025-03-20 20:50:19,962 [INFO] CodeEngine:287 - Generated code: /home/senyaa/Projects/Arduino/Arduino_RX_TX/STM32IDE_WorkspaceFolder/Arduino_TX_HAL/MXTmpFiles/usb_otg_fs_HalInit.tmp
2025-03-20 20:50:19,964 [INFO] CodeEngine:263 - oldGeneratedFile, /home/senyaa/Projects/Arduino/Arduino_RX_TX/STM32IDE_WorkspaceFolder/Arduino_TX_HAL/MXTmpFiles/usb_otg_fs_Msp.tmp_save
2025-03-20 20:50:20,090 [INFO] CodeEngine:287 - Generated code: /home/senyaa/Projects/Arduino/Arduino_RX_TX/STM32IDE_WorkspaceFolder/Arduino_TX_HAL/MXTmpFiles/usb_otg_fs_Msp.tmp
2025-03-20 20:50:20,980 [INFO] Middleware:1452 - No code input for Bsp Dependency
2025-03-20 20:50:20,986 [INFO] CodeEngine:263 - oldGeneratedFile, /home/senyaa/Projects/Arduino/Arduino_RX_TX/STM32IDE_WorkspaceFolder/Arduino_TX_HAL/MXTmpFiles/rtos_inc.tmp_save
2025-03-20 20:50:21,031 [INFO] CodeEngine:287 - Generated code: /home/senyaa/Projects/Arduino/Arduino_RX_TX/STM32IDE_WorkspaceFolder/Arduino_TX_HAL/MXTmpFiles/rtos_inc.tmp
2025-03-20 20:50:21,032 [INFO] CodeEngine:263 - oldGeneratedFile, /home/senyaa/Projects/Arduino/Arduino_RX_TX/STM32IDE_WorkspaceFolder/Arduino_TX_HAL/MXTmpFiles/rtos_kernelInit.tmp_save
2025-03-20 20:50:21,088 [INFO] CodeEngine:287 - Generated code: /home/senyaa/Projects/Arduino/Arduino_RX_TX/STM32IDE_WorkspaceFolder/Arduino_TX_HAL/MXTmpFiles/rtos_kernelInit.tmp
2025-03-20 20:50:21,089 [INFO] CodeEngine:263 - oldGeneratedFile, /home/senyaa/Projects/Arduino/Arduino_RX_TX/STM32IDE_WorkspaceFolder/Arduino_TX_HAL/MXTmpFiles/rtos_kernelStart.tmp_save
2025-03-20 20:50:21,131 [INFO] CodeEngine:287 - Generated code: /home/senyaa/Projects/Arduino/Arduino_RX_TX/STM32IDE_WorkspaceFolder/Arduino_TX_HAL/MXTmpFiles/rtos_kernelStart.tmp
2025-03-20 20:50:21,132 [INFO] CodeEngine:263 - oldGeneratedFile, /home/senyaa/Projects/Arduino/Arduino_RX_TX/STM32IDE_WorkspaceFolder/Arduino_TX_HAL/MXTmpFiles/rtos_typedefs.tmp_save
2025-03-20 20:50:21,177 [INFO] CodeEngine:287 - Generated code: /home/senyaa/Projects/Arduino/Arduino_RX_TX/STM32IDE_WorkspaceFolder/Arduino_TX_HAL/MXTmpFiles/rtos_typedefs.tmp
2025-03-20 20:50:21,179 [INFO] CodeEngine:263 - oldGeneratedFile, /home/senyaa/Projects/Arduino/Arduino_RX_TX/STM32IDE_WorkspaceFolder/Arduino_TX_HAL/MXTmpFiles/rtos_vars.tmp_save
2025-03-20 20:50:21,227 [INFO] CodeEngine:287 - Generated code: /home/senyaa/Projects/Arduino/Arduino_RX_TX/STM32IDE_WorkspaceFolder/Arduino_TX_HAL/MXTmpFiles/rtos_vars.tmp
2025-03-20 20:50:21,228 [INFO] CodeEngine:263 - oldGeneratedFile, /home/senyaa/Projects/Arduino/Arduino_RX_TX/STM32IDE_WorkspaceFolder/Arduino_TX_HAL/MXTmpFiles/rtos_pfp.tmp_save
2025-03-20 20:50:21,270 [INFO] CodeEngine:287 - Generated code: /home/senyaa/Projects/Arduino/Arduino_RX_TX/STM32IDE_WorkspaceFolder/Arduino_TX_HAL/MXTmpFiles/rtos_pfp.tmp
2025-03-20 20:50:21,271 [INFO] CodeEngine:263 - oldGeneratedFile, /home/senyaa/Projects/Arduino/Arduino_RX_TX/STM32IDE_WorkspaceFolder/Arduino_TX_HAL/MXTmpFiles/rtos_obj_creat.tmp_save
2025-03-20 20:50:21,318 [INFO] CodeEngine:287 - Generated code: /home/senyaa/Projects/Arduino/Arduino_RX_TX/STM32IDE_WorkspaceFolder/Arduino_TX_HAL/MXTmpFiles/rtos_obj_creat.tmp
2025-03-20 20:50:21,320 [INFO] CodeEngine:263 - oldGeneratedFile, /home/senyaa/Projects/Arduino/Arduino_RX_TX/STM32IDE_WorkspaceFolder/Arduino_TX_HAL/MXTmpFiles/rtos_default_thread.tmp_save
2025-03-20 20:50:21,361 [INFO] CodeEngine:287 - Generated code: /home/senyaa/Projects/Arduino/Arduino_RX_TX/STM32IDE_WorkspaceFolder/Arduino_TX_HAL/MXTmpFiles/rtos_default_thread.tmp
2025-03-20 20:50:21,362 [INFO] CodeEngine:263 - oldGeneratedFile, /home/senyaa/Projects/Arduino/Arduino_RX_TX/STM32IDE_WorkspaceFolder/Arduino_TX_HAL/MXTmpFiles/rtos_threads.tmp_save
2025-03-20 20:50:21,408 [INFO] CodeEngine:287 - Generated code: /home/senyaa/Projects/Arduino/Arduino_RX_TX/STM32IDE_WorkspaceFolder/Arduino_TX_HAL/MXTmpFiles/rtos_threads.tmp
2025-03-20 20:50:21,425 [INFO] Middleware:1452 - No code input for Bsp Dependency
2025-03-20 20:50:21,428 [INFO] CodeEngine:263 - oldGeneratedFile, /home/senyaa/Projects/Arduino/Arduino_RX_TX/STM32IDE_WorkspaceFolder/Arduino_TX_HAL/MXTmpFiles/rtos_inc.tmp_save
2025-03-20 20:50:21,468 [INFO] CodeEngine:287 - Generated code: /home/senyaa/Projects/Arduino/Arduino_RX_TX/STM32IDE_WorkspaceFolder/Arduino_TX_HAL/MXTmpFiles/rtos_inc.tmp
2025-03-20 20:50:21,469 [INFO] CodeEngine:263 - oldGeneratedFile, /home/senyaa/Projects/Arduino/Arduino_RX_TX/STM32IDE_WorkspaceFolder/Arduino_TX_HAL/MXTmpFiles/rtos_kernelInit.tmp_save
2025-03-20 20:50:21,510 [INFO] CodeEngine:287 - Generated code: /home/senyaa/Projects/Arduino/Arduino_RX_TX/STM32IDE_WorkspaceFolder/Arduino_TX_HAL/MXTmpFiles/rtos_kernelInit.tmp
2025-03-20 20:50:21,511 [INFO] CodeEngine:263 - oldGeneratedFile, /home/senyaa/Projects/Arduino/Arduino_RX_TX/STM32IDE_WorkspaceFolder/Arduino_TX_HAL/MXTmpFiles/rtos_kernelStart.tmp_save
2025-03-20 20:50:21,553 [INFO] CodeEngine:287 - Generated code: /home/senyaa/Projects/Arduino/Arduino_RX_TX/STM32IDE_WorkspaceFolder/Arduino_TX_HAL/MXTmpFiles/rtos_kernelStart.tmp
2025-03-20 20:50:21,554 [INFO] CodeEngine:263 - oldGeneratedFile, /home/senyaa/Projects/Arduino/Arduino_RX_TX/STM32IDE_WorkspaceFolder/Arduino_TX_HAL/MXTmpFiles/rtos_typedefs.tmp_save
2025-03-20 20:50:21,596 [INFO] CodeEngine:287 - Generated code: /home/senyaa/Projects/Arduino/Arduino_RX_TX/STM32IDE_WorkspaceFolder/Arduino_TX_HAL/MXTmpFiles/rtos_typedefs.tmp
2025-03-20 20:50:21,597 [INFO] CodeEngine:263 - oldGeneratedFile, /home/senyaa/Projects/Arduino/Arduino_RX_TX/STM32IDE_WorkspaceFolder/Arduino_TX_HAL/MXTmpFiles/rtos_vars.tmp_save
2025-03-20 20:50:21,642 [INFO] CodeEngine:287 - Generated code: /home/senyaa/Projects/Arduino/Arduino_RX_TX/STM32IDE_WorkspaceFolder/Arduino_TX_HAL/MXTmpFiles/rtos_vars.tmp
2025-03-20 20:50:21,643 [INFO] CodeEngine:263 - oldGeneratedFile, /home/senyaa/Projects/Arduino/Arduino_RX_TX/STM32IDE_WorkspaceFolder/Arduino_TX_HAL/MXTmpFiles/rtos_pfp.tmp_save
2025-03-20 20:50:21,686 [INFO] CodeEngine:287 - Generated code: /home/senyaa/Projects/Arduino/Arduino_RX_TX/STM32IDE_WorkspaceFolder/Arduino_TX_HAL/MXTmpFiles/rtos_pfp.tmp
2025-03-20 20:50:21,687 [INFO] CodeEngine:263 - oldGeneratedFile, /home/senyaa/Projects/Arduino/Arduino_RX_TX/STM32IDE_WorkspaceFolder/Arduino_TX_HAL/MXTmpFiles/rtos_obj_creat.tmp_save
2025-03-20 20:50:21,733 [INFO] CodeEngine:287 - Generated code: /home/senyaa/Projects/Arduino/Arduino_RX_TX/STM32IDE_WorkspaceFolder/Arduino_TX_HAL/MXTmpFiles/rtos_obj_creat.tmp
2025-03-20 20:50:21,735 [INFO] CodeEngine:263 - oldGeneratedFile, /home/senyaa/Projects/Arduino/Arduino_RX_TX/STM32IDE_WorkspaceFolder/Arduino_TX_HAL/MXTmpFiles/rtos_default_thread.tmp_save
2025-03-20 20:50:21,778 [INFO] CodeEngine:287 - Generated code: /home/senyaa/Projects/Arduino/Arduino_RX_TX/STM32IDE_WorkspaceFolder/Arduino_TX_HAL/MXTmpFiles/rtos_default_thread.tmp
2025-03-20 20:50:21,779 [INFO] CodeEngine:263 - oldGeneratedFile, /home/senyaa/Projects/Arduino/Arduino_RX_TX/STM32IDE_WorkspaceFolder/Arduino_TX_HAL/MXTmpFiles/rtos_threads.tmp_save
2025-03-20 20:50:21,824 [INFO] CodeEngine:287 - Generated code: /home/senyaa/Projects/Arduino/Arduino_RX_TX/STM32IDE_WorkspaceFolder/Arduino_TX_HAL/MXTmpFiles/rtos_threads.tmp
2025-03-20 20:50:21,825 [INFO] CodeEngine:263 - oldGeneratedFile, /home/senyaa/Projects/Arduino/Arduino_RX_TX/STM32IDE_WorkspaceFolder/Arduino_TX_HAL/Core/Inc/FreeRTOSConfig.h_save
2025-03-20 20:50:21,885 [INFO] CodeEngine:287 - Generated code: /home/senyaa/Projects/Arduino/Arduino_RX_TX/STM32IDE_WorkspaceFolder/Arduino_TX_HAL/Core/Inc/FreeRTOSConfig.h
2025-03-20 20:50:21,887 [INFO] CodeEngine:263 - oldGeneratedFile, /home/senyaa/Projects/Arduino/Arduino_RX_TX/STM32IDE_WorkspaceFolder/Arduino_TX_HAL/Core/Src/freertos.c_save
2025-03-20 20:50:21,940 [INFO] CodeEngine:287 - Generated code: /home/senyaa/Projects/Arduino/Arduino_RX_TX/STM32IDE_WorkspaceFolder/Arduino_TX_HAL/Core/Src/freertos.c
2025-03-20 20:50:21,944 [INFO] CodeEngine:263 - oldGeneratedFile, /home/senyaa/Projects/Arduino/Arduino_RX_TX/STM32IDE_WorkspaceFolder/Arduino_TX_HAL/Core/Src/adc.c_save
2025-03-20 20:50:22,073 [INFO] CodeEngine:287 - Generated code: /home/senyaa/Projects/Arduino/Arduino_RX_TX/STM32IDE_WorkspaceFolder/Arduino_TX_HAL/Core/Src/adc.c
2025-03-20 20:50:22,075 [INFO] CodeEngine:263 - oldGeneratedFile, /home/senyaa/Projects/Arduino/Arduino_RX_TX/STM32IDE_WorkspaceFolder/Arduino_TX_HAL/Core/Inc/adc.h_save
2025-03-20 20:50:22,118 [INFO] CodeEngine:287 - Generated code: /home/senyaa/Projects/Arduino/Arduino_RX_TX/STM32IDE_WorkspaceFolder/Arduino_TX_HAL/Core/Inc/adc.h
2025-03-20 20:50:22,120 [INFO] CodeEngine:263 - oldGeneratedFile, /home/senyaa/Projects/Arduino/Arduino_RX_TX/STM32IDE_WorkspaceFolder/Arduino_TX_HAL/Core/Src/crc.c_save
2025-03-20 20:50:22,184 [INFO] CodeEngine:287 - Generated code: /home/senyaa/Projects/Arduino/Arduino_RX_TX/STM32IDE_WorkspaceFolder/Arduino_TX_HAL/Core/Src/crc.c
2025-03-20 20:50:22,185 [INFO] CodeEngine:263 - oldGeneratedFile, /home/senyaa/Projects/Arduino/Arduino_RX_TX/STM32IDE_WorkspaceFolder/Arduino_TX_HAL/Core/Inc/crc.h_save
2025-03-20 20:50:22,228 [INFO] CodeEngine:287 - Generated code: /home/senyaa/Projects/Arduino/Arduino_RX_TX/STM32IDE_WorkspaceFolder/Arduino_TX_HAL/Core/Inc/crc.h
2025-03-20 20:50:22,248 [INFO] CodeEngine:263 - oldGeneratedFile, /home/senyaa/Projects/Arduino/Arduino_RX_TX/STM32IDE_WorkspaceFolder/Arduino_TX_HAL/Core/Src/dma.c_save
2025-03-20 20:50:22,292 [INFO] CodeEngine:287 - Generated code: /home/senyaa/Projects/Arduino/Arduino_RX_TX/STM32IDE_WorkspaceFolder/Arduino_TX_HAL/Core/Src/dma.c
2025-03-20 20:50:22,293 [INFO] CodeEngine:263 - oldGeneratedFile, /home/senyaa/Projects/Arduino/Arduino_RX_TX/STM32IDE_WorkspaceFolder/Arduino_TX_HAL/Core/Inc/dma.h_save
2025-03-20 20:50:22,336 [INFO] CodeEngine:287 - Generated code: /home/senyaa/Projects/Arduino/Arduino_RX_TX/STM32IDE_WorkspaceFolder/Arduino_TX_HAL/Core/Inc/dma.h
2025-03-20 20:50:22,339 [INFO] CodeEngine:263 - oldGeneratedFile, /home/senyaa/Projects/Arduino/Arduino_RX_TX/STM32IDE_WorkspaceFolder/Arduino_TX_HAL/Core/Src/fsmc.c_save
2025-03-20 20:50:22,391 [INFO] CodeEngine:287 - Generated code: /home/senyaa/Projects/Arduino/Arduino_RX_TX/STM32IDE_WorkspaceFolder/Arduino_TX_HAL/Core/Src/fsmc.c
2025-03-20 20:50:22,392 [INFO] CodeEngine:263 - oldGeneratedFile, /home/senyaa/Projects/Arduino/Arduino_RX_TX/STM32IDE_WorkspaceFolder/Arduino_TX_HAL/Core/Inc/fsmc.h_save
2025-03-20 20:50:22,438 [INFO] CodeEngine:287 - Generated code: /home/senyaa/Projects/Arduino/Arduino_RX_TX/STM32IDE_WorkspaceFolder/Arduino_TX_HAL/Core/Inc/fsmc.h
2025-03-20 20:50:22,441 [INFO] CodeEngine:263 - oldGeneratedFile, /home/senyaa/Projects/Arduino/Arduino_RX_TX/STM32IDE_WorkspaceFolder/Arduino_TX_HAL/Core/Src/i2c.c_save
2025-03-20 20:50:22,500 [INFO] CodeEngine:287 - Generated code: /home/senyaa/Projects/Arduino/Arduino_RX_TX/STM32IDE_WorkspaceFolder/Arduino_TX_HAL/Core/Src/i2c.c
2025-03-20 20:50:22,502 [INFO] CodeEngine:263 - oldGeneratedFile, /home/senyaa/Projects/Arduino/Arduino_RX_TX/STM32IDE_WorkspaceFolder/Arduino_TX_HAL/Core/Inc/i2c.h_save
2025-03-20 20:50:22,546 [INFO] CodeEngine:287 - Generated code: /home/senyaa/Projects/Arduino/Arduino_RX_TX/STM32IDE_WorkspaceFolder/Arduino_TX_HAL/Core/Inc/i2c.h
2025-03-20 20:50:22,550 [INFO] CodeEngine:263 - oldGeneratedFile, /home/senyaa/Projects/Arduino/Arduino_RX_TX/STM32IDE_WorkspaceFolder/Arduino_TX_HAL/Core/Src/spi.c_save
2025-03-20 20:50:22,613 [INFO] CodeEngine:287 - Generated code: /home/senyaa/Projects/Arduino/Arduino_RX_TX/STM32IDE_WorkspaceFolder/Arduino_TX_HAL/Core/Src/spi.c
2025-03-20 20:50:22,615 [INFO] CodeEngine:263 - oldGeneratedFile, /home/senyaa/Projects/Arduino/Arduino_RX_TX/STM32IDE_WorkspaceFolder/Arduino_TX_HAL/Core/Inc/spi.h_save
2025-03-20 20:50:22,671 [INFO] CodeEngine:287 - Generated code: /home/senyaa/Projects/Arduino/Arduino_RX_TX/STM32IDE_WorkspaceFolder/Arduino_TX_HAL/Core/Inc/spi.h
2025-03-20 20:50:22,674 [INFO] CodeEngine:263 - oldGeneratedFile, /home/senyaa/Projects/Arduino/Arduino_RX_TX/STM32IDE_WorkspaceFolder/Arduino_TX_HAL/Core/Src/tim.c_save
2025-03-20 20:50:22,729 [INFO] CodeEngine:287 - Generated code: /home/senyaa/Projects/Arduino/Arduino_RX_TX/STM32IDE_WorkspaceFolder/Arduino_TX_HAL/Core/Src/tim.c
2025-03-20 20:50:22,730 [INFO] CodeEngine:263 - oldGeneratedFile, /home/senyaa/Projects/Arduino/Arduino_RX_TX/STM32IDE_WorkspaceFolder/Arduino_TX_HAL/Core/Inc/tim.h_save
2025-03-20 20:50:22,769 [INFO] CodeEngine:287 - Generated code: /home/senyaa/Projects/Arduino/Arduino_RX_TX/STM32IDE_WorkspaceFolder/Arduino_TX_HAL/Core/Inc/tim.h
2025-03-20 20:50:22,772 [INFO] CodeEngine:263 - oldGeneratedFile, /home/senyaa/Projects/Arduino/Arduino_RX_TX/STM32IDE_WorkspaceFolder/Arduino_TX_HAL/Core/Src/usart.c_save
2025-03-20 20:50:22,836 [INFO] CodeEngine:287 - Generated code: /home/senyaa/Projects/Arduino/Arduino_RX_TX/STM32IDE_WorkspaceFolder/Arduino_TX_HAL/Core/Src/usart.c
2025-03-20 20:50:22,837 [INFO] CodeEngine:263 - oldGeneratedFile, /home/senyaa/Projects/Arduino/Arduino_RX_TX/STM32IDE_WorkspaceFolder/Arduino_TX_HAL/Core/Inc/usart.h_save
2025-03-20 20:50:22,883 [INFO] CodeEngine:287 - Generated code: /home/senyaa/Projects/Arduino/Arduino_RX_TX/STM32IDE_WorkspaceFolder/Arduino_TX_HAL/Core/Inc/usart.h
2025-03-20 20:50:22,890 [INFO] CodeEngine:263 - oldGeneratedFile, /home/senyaa/Projects/Arduino/Arduino_RX_TX/STM32IDE_WorkspaceFolder/Arduino_TX_HAL/USB_HOST/App/usb_host.c_save
2025-03-20 20:50:22,941 [INFO] CodeEngine:287 - Generated code: /home/senyaa/Projects/Arduino/Arduino_RX_TX/STM32IDE_WorkspaceFolder/Arduino_TX_HAL/USB_HOST/App/usb_host.c
2025-03-20 20:50:22,942 [INFO] CodeEngine:263 - oldGeneratedFile, /home/senyaa/Projects/Arduino/Arduino_RX_TX/STM32IDE_WorkspaceFolder/Arduino_TX_HAL/USB_HOST/App/usb_host.h_save
2025-03-20 20:50:22,988 [INFO] CodeEngine:287 - Generated code: /home/senyaa/Projects/Arduino/Arduino_RX_TX/STM32IDE_WorkspaceFolder/Arduino_TX_HAL/USB_HOST/App/usb_host.h
2025-03-20 20:50:22,989 [INFO] CodeEngine:263 - oldGeneratedFile, /home/senyaa/Projects/Arduino/Arduino_RX_TX/STM32IDE_WorkspaceFolder/Arduino_TX_HAL/USB_HOST/Target/usbh_conf.h_save
2025-03-20 20:50:23,033 [INFO] CodeEngine:287 - Generated code: /home/senyaa/Projects/Arduino/Arduino_RX_TX/STM32IDE_WorkspaceFolder/Arduino_TX_HAL/USB_HOST/Target/usbh_conf.h
2025-03-20 20:50:23,036 [INFO] CodeEngine:263 - oldGeneratedFile, /home/senyaa/Projects/Arduino/Arduino_RX_TX/STM32IDE_WorkspaceFolder/Arduino_TX_HAL/USB_HOST/Target/usbh_conf.c_save
2025-03-20 20:50:23,081 [INFO] CodeEngine:287 - Generated code: /home/senyaa/Projects/Arduino/Arduino_RX_TX/STM32IDE_WorkspaceFolder/Arduino_TX_HAL/USB_HOST/Target/usbh_conf.c
2025-03-20 20:50:23,083 [INFO] CodeEngine:263 - oldGeneratedFile, /home/senyaa/Projects/Arduino/Arduino_RX_TX/STM32IDE_WorkspaceFolder/Arduino_TX_HAL/USB_HOST/Target/usbh_platform.c_save
2025-03-20 20:50:23,149 [INFO] CodeEngine:287 - Generated code: /home/senyaa/Projects/Arduino/Arduino_RX_TX/STM32IDE_WorkspaceFolder/Arduino_TX_HAL/USB_HOST/Target/usbh_platform.c
2025-03-20 20:50:23,151 [INFO] CodeEngine:263 - oldGeneratedFile, /home/senyaa/Projects/Arduino/Arduino_RX_TX/STM32IDE_WorkspaceFolder/Arduino_TX_HAL/USB_HOST/Target/usbh_platform.h_save
2025-03-20 20:50:23,196 [INFO] CodeEngine:287 - Generated code: /home/senyaa/Projects/Arduino/Arduino_RX_TX/STM32IDE_WorkspaceFolder/Arduino_TX_HAL/USB_HOST/Target/usbh_platform.h
2025-03-20 20:50:23,204 [INFO] CodeEngine:263 - oldGeneratedFile, /home/senyaa/Projects/Arduino/Arduino_RX_TX/STM32IDE_WorkspaceFolder/Arduino_TX_HAL/Core/Src/stm32f4xx_it.c_save
2025-03-20 20:50:23,279 [INFO] CodeEngine:287 - Generated code: /home/senyaa/Projects/Arduino/Arduino_RX_TX/STM32IDE_WorkspaceFolder/Arduino_TX_HAL/Core/Src/stm32f4xx_it.c
2025-03-20 20:50:23,281 [INFO] CodeEngine:263 - oldGeneratedFile, /home/senyaa/Projects/Arduino/Arduino_RX_TX/STM32IDE_WorkspaceFolder/Arduino_TX_HAL/Core/Inc/stm32f4xx_it.h_save
2025-03-20 20:50:23,356 [INFO] CodeEngine:287 - Generated code: /home/senyaa/Projects/Arduino/Arduino_RX_TX/STM32IDE_WorkspaceFolder/Arduino_TX_HAL/Core/Inc/stm32f4xx_it.h
2025-03-20 20:50:23,384 [INFO] CodeEngine:263 - oldGeneratedFile, /home/senyaa/Projects/Arduino/Arduino_RX_TX/STM32IDE_WorkspaceFolder/Arduino_TX_HAL/Core/Src/stm32f4xx_hal_msp.c_save
2025-03-20 20:50:23,505 [INFO] CodeEngine:287 - Generated code: /home/senyaa/Projects/Arduino/Arduino_RX_TX/STM32IDE_WorkspaceFolder/Arduino_TX_HAL/Core/Src/stm32f4xx_hal_msp.c
2025-03-20 20:50:23,507 [INFO] CodeEngine:263 - oldGeneratedFile, /home/senyaa/Projects/Arduino/Arduino_RX_TX/STM32IDE_WorkspaceFolder/Arduino_TX_HAL/MXTmpFiles/system.tmp_save
2025-03-20 20:50:23,561 [INFO] CodeEngine:287 - Generated code: /home/senyaa/Projects/Arduino/Arduino_RX_TX/STM32IDE_WorkspaceFolder/Arduino_TX_HAL/MXTmpFiles/system.tmp
2025-03-20 20:50:23,566 [INFO] CodeEngine:319 - oldGeneratedFile, /home/senyaa/Projects/Arduino/Arduino_RX_TX/STM32IDE_WorkspaceFolder/Arduino_TX_HAL/Core/Inc/stm32f4xx_hal_conf.h_save
2025-03-20 20:50:23,623 [INFO] CodeEngine:343 - Generated code: /home/senyaa/Projects/Arduino/Arduino_RX_TX/STM32IDE_WorkspaceFolder/Arduino_TX_HAL/Core/Inc/stm32f4xx_hal_conf.h
2025-03-20 20:50:23,660 [INFO] ApiDbMcu:508 - Load IP Config File for ADC1
2025-03-20 20:50:23,661 [INFO] ApiDbMcu:508 - Load IP Config File for CRC
2025-03-20 20:50:23,668 [INFO] ApiDbMcu:508 - Load IP Config File for FSMC
2025-03-20 20:50:23,672 [INFO] ApiDbMcu:508 - Load IP Config File for I2C2
2025-03-20 20:50:23,675 [INFO] ApiDbMcu:508 - Load IP Config File for SPI1
2025-03-20 20:50:23,677 [INFO] ApiDbMcu:508 - Load IP Config File for SPI2
2025-03-20 20:50:23,692 [INFO] ApiDbMcu:508 - Load IP Config File for TIM6
2025-03-20 20:50:23,696 [INFO] ApiDbMcu:508 - Load IP Config File for UART5
2025-03-20 20:50:23,699 [INFO] ApiDbMcu:508 - Load IP Config File for USART1
2025-03-20 20:50:23,703 [INFO] ApiDbMcu:508 - Load IP Config File for USART3
2025-03-20 20:50:23,707 [INFO] ApiDbMcu:508 - Load IP Config File for RCC
2025-03-20 20:50:23,715 [INFO] CodeEngine:263 - oldGeneratedFile, /home/senyaa/Projects/Arduino/Arduino_RX_TX/STM32IDE_WorkspaceFolder/Arduino_TX_HAL/Core/Inc/main.h_save
2025-03-20 20:50:23,795 [INFO] CodeEngine:287 - Generated code: /home/senyaa/Projects/Arduino/Arduino_RX_TX/STM32IDE_WorkspaceFolder/Arduino_TX_HAL/Core/Inc/main.h
2025-03-20 20:50:23,797 [INFO] CodeEngine:263 - oldGeneratedFile, /home/senyaa/Projects/Arduino/Arduino_RX_TX/STM32IDE_WorkspaceFolder/Arduino_TX_HAL/Core/Src/main.c_save
2025-03-20 20:50:23,875 [INFO] CodeEngine:287 - Generated code: /home/senyaa/Projects/Arduino/Arduino_RX_TX/STM32IDE_WorkspaceFolder/Arduino_TX_HAL/Core/Src/main.c
2025-03-20 20:50:24,063 [INFO] ProjectBuilder:3324 - Time for Copy HAL[2] : 11mS.
2025-03-20 20:50:24,082 [INFO] ProjectBuilder:4912 - Project Generator version: 4.6.0-B36
2025-03-20 20:50:24,188 [INFO] ConfigFileManager:1590 - The Die is : DIE413
2025-03-20 20:50:24,191 [INFO] ApiDbMcu:508 - Load IP Config File for FATFS
2025-03-20 20:50:24,196 [INFO] ApiDbMcu:508 - Load IP Config File for LIBJPEG
2025-03-20 20:50:24,206 [INFO] ApiDbMcu:508 - Load IP Config File for LWIP
2025-03-20 20:50:24,213 [INFO] ApiDbMcu:508 - Load IP Config File for MBEDTLS
2025-03-20 20:50:24,221 [INFO] ApiDbMcu:508 - Load IP Config File for USB_DEVICE
2025-03-20 20:50:24,619 [INFO] LogOutputStream:77 - [STDOUT_REDIRECT] 
2025-03-20 20:50:26,356 [INFO] ProjectBuilder:5191 - Time for Generating toolchain IDE Files: 2274mS.
2025-03-20 20:50:26,356 [INFO] ProjectBuilder:3181 - Time for Copy CMSIS : 0mS.
2025-03-20 20:50:26,359 [INFO] ProjectBuilder:3181 - Time for Copy CMSIS : 1mS.
2025-03-20 20:51:11,572 [INFO] UtilMem:75 - End SaveConfig() Used Memory: 904079728 Bytes (1073741824)
2025-03-20 20:51:14,209 [INFO] BlockDiagram:2775 - set Specific Code input for plugin: SPI
2025-03-20 20:51:14,209 [INFO] BlockDiagram:2775 - set Specific Code input for plugin: FSMC
2025-03-20 20:51:14,209 [INFO] BlockDiagram:2775 - set Specific Code input for plugin: SPI
2025-03-20 20:51:14,209 [INFO] BlockDiagram:2775 - set Specific Code input for plugin: FREERTOS
2025-03-20 20:51:14,209 [INFO] BlockDiagram:2775 - set Specific Code input for plugin: TIM6_7
2025-03-20 20:51:14,209 [INFO] BlockDiagram:2775 - set Specific Code input for plugin: SYS
2025-03-20 20:51:14,209 [INFO] BlockDiagram:2775 - set Specific Code input for plugin: ADC
2025-03-20 20:51:14,209 [INFO] BlockDiagram:2775 - set Specific Code input for plugin: RCC
2025-03-20 20:51:14,209 [INFO] BlockDiagram:2775 - set Specific Code input for plugin: CRC
2025-03-20 20:51:14,209 [INFO] BlockDiagram:2775 - set Specific Code input for plugin: I2C
2025-03-20 20:51:14,209 [INFO] BlockDiagram:2775 - set Specific Code input for plugin: USB_OTG_FS
2025-03-20 20:51:14,210 [INFO] BlockDiagram:2775 - set Specific Code input for plugin: NVIC
2025-03-20 20:51:14,210 [INFO] BlockDiagram:2775 - set Specific Code input for plugin: USB_HOST
2025-03-20 20:51:14,210 [INFO] BlockDiagram:2775 - set Specific Code input for plugin: USART
2025-03-20 20:51:14,210 [INFO] BlockDiagram:2775 - set Specific Code input for plugin: USART
2025-03-20 20:51:14,210 [INFO] BlockDiagram:2775 - set Specific Code input for plugin: DMA
2025-03-20 20:51:14,210 [INFO] BlockDiagram:2775 - set Specific Code input for plugin: UART
2025-03-20 20:51:14,210 [INFO] BlockDiagram:2775 - set Specific Code input for plugin: GPIO
2025-03-20 20:51:14,211 [INFO] CodeGenerator:882 - code generatio: config db path: /opt/stm32cubeide/plugins/com.st.stm32cube.common.mx_6.14.0.202502271554//db/
2025-03-20 20:51:14,233 [INFO] Argument:325 - Argument : hdmavalue: null
2025-03-20 20:51:14,233 [INFO] Argument:327 - 	 sub Args: 
2025-03-20 20:51:14,233 [INFO] Argument:325 - Argument : Instancevalue: DMA2_Stream0
2025-03-20 20:51:14,233 [INFO] Argument:335 - Argument : Instancevalue: DMA2_Stream0
2025-03-20 20:51:14,234 [INFO] Argument:325 - Argument : Initvalue: null
2025-03-20 20:51:14,234 [INFO] Argument:327 - 	 sub Args: 
2025-03-20 20:51:14,234 [INFO] Argument:325 - Argument : Channelvalue: DMA_CHANNEL_0
2025-03-20 20:51:14,234 [INFO] Argument:335 - Argument : Channelvalue: DMA_CHANNEL_0
2025-03-20 20:51:14,234 [INFO] Argument:325 - Argument : Directionvalue: DMA_PERIPH_TO_MEMORY
2025-03-20 20:51:14,234 [INFO] Argument:335 - Argument : Directionvalue: DMA_PERIPH_TO_MEMORY
2025-03-20 20:51:14,234 [INFO] Argument:325 - Argument : PeriphIncvalue: DMA_PINC_DISABLE
2025-03-20 20:51:14,234 [INFO] Argument:335 - Argument : PeriphIncvalue: DMA_PINC_DISABLE
2025-03-20 20:51:14,234 [INFO] Argument:325 - Argument : MemIncvalue: DMA_MINC_ENABLE
2025-03-20 20:51:14,234 [INFO] Argument:335 - Argument : MemIncvalue: DMA_MINC_ENABLE
2025-03-20 20:51:14,234 [INFO] Argument:325 - Argument : PeriphDataAlignmentvalue: DMA_PDATAALIGN_HALFWORD
2025-03-20 20:51:14,234 [INFO] Argument:335 - Argument : PeriphDataAlignmentvalue: DMA_PDATAALIGN_HALFWORD
2025-03-20 20:51:14,234 [INFO] Argument:325 - Argument : MemDataAlignmentvalue: DMA_MDATAALIGN_HALFWORD
2025-03-20 20:51:14,234 [INFO] Argument:335 - Argument : MemDataAlignmentvalue: DMA_MDATAALIGN_HALFWORD
2025-03-20 20:51:14,234 [INFO] Argument:325 - Argument : Modevalue: DMA_CIRCULAR
2025-03-20 20:51:14,234 [INFO] Argument:335 - Argument : Modevalue: DMA_CIRCULAR
2025-03-20 20:51:14,234 [INFO] Argument:325 - Argument : Priorityvalue: DMA_PRIORITY_LOW
2025-03-20 20:51:14,234 [INFO] Argument:335 - Argument : Priorityvalue: DMA_PRIORITY_LOW
2025-03-20 20:51:14,234 [INFO] Argument:325 - Argument : FIFOModevalue: DMA_FIFOMODE_DISABLE
2025-03-20 20:51:14,234 [INFO] Argument:335 - Argument : FIFOModevalue: DMA_FIFOMODE_DISABLE
2025-03-20 20:51:14,234 [INFO] Argument:325 - Argument : FIFOThresholdvalue: null
2025-03-20 20:51:14,234 [INFO] Argument:335 - Argument : FIFOThresholdvalue: null
2025-03-20 20:51:14,234 [INFO] Argument:325 - Argument : MemBurstvalue: null
2025-03-20 20:51:14,234 [INFO] Argument:335 - Argument : MemBurstvalue: null
2025-03-20 20:51:14,234 [INFO] Argument:325 - Argument : PeriphBurstvalue: null
2025-03-20 20:51:14,234 [INFO] Argument:335 - Argument : PeriphBurstvalue: null
2025-03-20 20:51:14,234 [INFO] Argument:325 - Argument : Lockvalue: null
2025-03-20 20:51:14,234 [INFO] Argument:335 - Argument : Lockvalue: null
2025-03-20 20:51:14,234 [INFO] Argument:325 - Argument : Statevalue: null
2025-03-20 20:51:14,234 [INFO] Argument:335 - Argument : Statevalue: null
2025-03-20 20:51:14,234 [INFO] Argument:325 - Argument : Parentvalue: null
2025-03-20 20:51:14,235 [INFO] Argument:335 - Argument : Parentvalue: null
2025-03-20 20:51:14,235 [INFO] Argument:325 - Argument : XferCpltCallbackvalue: null
2025-03-20 20:51:14,235 [INFO] Argument:335 - Argument : XferCpltCallbackvalue: null
2025-03-20 20:51:14,235 [INFO] Argument:325 - Argument : XferHalfCpltCallbackvalue: null
2025-03-20 20:51:14,235 [INFO] Argument:335 - Argument : XferHalfCpltCallbackvalue: null
2025-03-20 20:51:14,235 [INFO] Argument:325 - Argument : XferM1CpltCallbackvalue: null
2025-03-20 20:51:14,235 [INFO] Argument:335 - Argument : XferM1CpltCallbackvalue: null
2025-03-20 20:51:14,235 [INFO] Argument:325 - Argument : XferErrorCallbackvalue: null
2025-03-20 20:51:14,235 [INFO] Argument:335 - Argument : XferErrorCallbackvalue: null
2025-03-20 20:51:14,235 [INFO] Argument:325 - Argument : ErrorCodevalue: null
2025-03-20 20:51:14,235 [INFO] Argument:335 - Argument : ErrorCodevalue: null
2025-03-20 20:51:14,245 [WARN] IP:2250 - I2C_Coeff_DF not found: check if there is a RefParameter without a condition.
2025-03-20 20:51:14,245 [WARN] IP:2250 - Analog_Filter not found: check if there is a RefParameter without a condition.
2025-03-20 20:51:14,355 [INFO] CodeEngine:263 - oldGeneratedFile, /home/senyaa/Projects/Arduino/Arduino_RX_TX/STM32IDE_WorkspaceFolder/Arduino_TX_HAL/MXTmpFiles/license.tmp_save
2025-03-20 20:51:14,400 [INFO] CodeEngine:287 - Generated code: /home/senyaa/Projects/Arduino/Arduino_RX_TX/STM32IDE_WorkspaceFolder/Arduino_TX_HAL/MXTmpFiles/license.tmp
2025-03-20 20:51:14,440 [INFO] CodeEngine:263 - oldGeneratedFile, /home/senyaa/Projects/Arduino/Arduino_RX_TX/STM32IDE_WorkspaceFolder/Arduino_TX_HAL/Core/Src/gpio.c_save
2025-03-20 20:51:14,488 [INFO] CodeEngine:287 - Generated code: /home/senyaa/Projects/Arduino/Arduino_RX_TX/STM32IDE_WorkspaceFolder/Arduino_TX_HAL/Core/Src/gpio.c
2025-03-20 20:51:14,489 [INFO] CodeEngine:263 - oldGeneratedFile, /home/senyaa/Projects/Arduino/Arduino_RX_TX/STM32IDE_WorkspaceFolder/Arduino_TX_HAL/Core/Inc/gpio.h_save
2025-03-20 20:51:14,532 [INFO] CodeEngine:287 - Generated code: /home/senyaa/Projects/Arduino/Arduino_RX_TX/STM32IDE_WorkspaceFolder/Arduino_TX_HAL/Core/Inc/gpio.h
2025-03-20 20:51:14,616 [WARN] IPConfigManager:3174 - Warning: the RefConfig PWREx_EnableUSBVoltageDetector is not available in your config.xml file
2025-03-20 20:51:14,619 [INFO] CodeEngine:263 - oldGeneratedFile, /home/senyaa/Projects/Arduino/Arduino_RX_TX/STM32IDE_WorkspaceFolder/Arduino_TX_HAL/MXTmpFiles/usb_otg_fs_vars.tmp_save
2025-03-20 20:51:14,658 [INFO] CodeEngine:287 - Generated code: /home/senyaa/Projects/Arduino/Arduino_RX_TX/STM32IDE_WorkspaceFolder/Arduino_TX_HAL/MXTmpFiles/usb_otg_fs_vars.tmp
2025-03-20 20:51:14,658 [INFO] CodeEngine:263 - oldGeneratedFile, /home/senyaa/Projects/Arduino/Arduino_RX_TX/STM32IDE_WorkspaceFolder/Arduino_TX_HAL/MXTmpFiles/usb_otg_fs_inc.tmp_save
2025-03-20 20:51:14,706 [INFO] CodeEngine:287 - Generated code: /home/senyaa/Projects/Arduino/Arduino_RX_TX/STM32IDE_WorkspaceFolder/Arduino_TX_HAL/MXTmpFiles/usb_otg_fs_inc.tmp
2025-03-20 20:51:14,707 [INFO] CodeEngine:263 - oldGeneratedFile, /home/senyaa/Projects/Arduino/Arduino_RX_TX/STM32IDE_WorkspaceFolder/Arduino_TX_HAL/MXTmpFiles/usb_otg_fs_HalInit.tmp_save
2025-03-20 20:51:14,752 [INFO] CodeEngine:287 - Generated code: /home/senyaa/Projects/Arduino/Arduino_RX_TX/STM32IDE_WorkspaceFolder/Arduino_TX_HAL/MXTmpFiles/usb_otg_fs_HalInit.tmp
2025-03-20 20:51:14,752 [INFO] CodeEngine:263 - oldGeneratedFile, /home/senyaa/Projects/Arduino/Arduino_RX_TX/STM32IDE_WorkspaceFolder/Arduino_TX_HAL/MXTmpFiles/usb_otg_fs_Msp.tmp_save
2025-03-20 20:51:14,801 [INFO] CodeEngine:287 - Generated code: /home/senyaa/Projects/Arduino/Arduino_RX_TX/STM32IDE_WorkspaceFolder/Arduino_TX_HAL/MXTmpFiles/usb_otg_fs_Msp.tmp
2025-03-20 20:51:15,442 [INFO] Middleware:1452 - No code input for Bsp Dependency
2025-03-20 20:51:15,445 [INFO] CodeEngine:263 - oldGeneratedFile, /home/senyaa/Projects/Arduino/Arduino_RX_TX/STM32IDE_WorkspaceFolder/Arduino_TX_HAL/MXTmpFiles/rtos_inc.tmp_save
2025-03-20 20:51:15,491 [INFO] CodeEngine:287 - Generated code: /home/senyaa/Projects/Arduino/Arduino_RX_TX/STM32IDE_WorkspaceFolder/Arduino_TX_HAL/MXTmpFiles/rtos_inc.tmp
2025-03-20 20:51:15,491 [INFO] CodeEngine:263 - oldGeneratedFile, /home/senyaa/Projects/Arduino/Arduino_RX_TX/STM32IDE_WorkspaceFolder/Arduino_TX_HAL/MXTmpFiles/rtos_kernelInit.tmp_save
2025-03-20 20:51:15,539 [INFO] CodeEngine:287 - Generated code: /home/senyaa/Projects/Arduino/Arduino_RX_TX/STM32IDE_WorkspaceFolder/Arduino_TX_HAL/MXTmpFiles/rtos_kernelInit.tmp
2025-03-20 20:51:15,540 [INFO] CodeEngine:263 - oldGeneratedFile, /home/senyaa/Projects/Arduino/Arduino_RX_TX/STM32IDE_WorkspaceFolder/Arduino_TX_HAL/MXTmpFiles/rtos_kernelStart.tmp_save
2025-03-20 20:51:15,586 [INFO] CodeEngine:287 - Generated code: /home/senyaa/Projects/Arduino/Arduino_RX_TX/STM32IDE_WorkspaceFolder/Arduino_TX_HAL/MXTmpFiles/rtos_kernelStart.tmp
2025-03-20 20:51:15,587 [INFO] CodeEngine:263 - oldGeneratedFile, /home/senyaa/Projects/Arduino/Arduino_RX_TX/STM32IDE_WorkspaceFolder/Arduino_TX_HAL/MXTmpFiles/rtos_typedefs.tmp_save
2025-03-20 20:51:15,660 [INFO] CodeEngine:287 - Generated code: /home/senyaa/Projects/Arduino/Arduino_RX_TX/STM32IDE_WorkspaceFolder/Arduino_TX_HAL/MXTmpFiles/rtos_typedefs.tmp
2025-03-20 20:51:15,661 [INFO] CodeEngine:263 - oldGeneratedFile, /home/senyaa/Projects/Arduino/Arduino_RX_TX/STM32IDE_WorkspaceFolder/Arduino_TX_HAL/MXTmpFiles/rtos_vars.tmp_save
2025-03-20 20:51:15,712 [INFO] CodeEngine:287 - Generated code: /home/senyaa/Projects/Arduino/Arduino_RX_TX/STM32IDE_WorkspaceFolder/Arduino_TX_HAL/MXTmpFiles/rtos_vars.tmp
2025-03-20 20:51:15,713 [INFO] CodeEngine:263 - oldGeneratedFile, /home/senyaa/Projects/Arduino/Arduino_RX_TX/STM32IDE_WorkspaceFolder/Arduino_TX_HAL/MXTmpFiles/rtos_pfp.tmp_save
2025-03-20 20:51:15,756 [INFO] CodeEngine:287 - Generated code: /home/senyaa/Projects/Arduino/Arduino_RX_TX/STM32IDE_WorkspaceFolder/Arduino_TX_HAL/MXTmpFiles/rtos_pfp.tmp
2025-03-20 20:51:15,757 [INFO] CodeEngine:263 - oldGeneratedFile, /home/senyaa/Projects/Arduino/Arduino_RX_TX/STM32IDE_WorkspaceFolder/Arduino_TX_HAL/MXTmpFiles/rtos_obj_creat.tmp_save
2025-03-20 20:51:15,801 [INFO] CodeEngine:287 - Generated code: /home/senyaa/Projects/Arduino/Arduino_RX_TX/STM32IDE_WorkspaceFolder/Arduino_TX_HAL/MXTmpFiles/rtos_obj_creat.tmp
2025-03-20 20:51:15,802 [INFO] CodeEngine:263 - oldGeneratedFile, /home/senyaa/Projects/Arduino/Arduino_RX_TX/STM32IDE_WorkspaceFolder/Arduino_TX_HAL/MXTmpFiles/rtos_default_thread.tmp_save
2025-03-20 20:51:15,843 [INFO] CodeEngine:287 - Generated code: /home/senyaa/Projects/Arduino/Arduino_RX_TX/STM32IDE_WorkspaceFolder/Arduino_TX_HAL/MXTmpFiles/rtos_default_thread.tmp
2025-03-20 20:51:15,843 [INFO] CodeEngine:263 - oldGeneratedFile, /home/senyaa/Projects/Arduino/Arduino_RX_TX/STM32IDE_WorkspaceFolder/Arduino_TX_HAL/MXTmpFiles/rtos_threads.tmp_save
2025-03-20 20:51:15,884 [INFO] CodeEngine:287 - Generated code: /home/senyaa/Projects/Arduino/Arduino_RX_TX/STM32IDE_WorkspaceFolder/Arduino_TX_HAL/MXTmpFiles/rtos_threads.tmp
2025-03-20 20:51:15,907 [INFO] Middleware:1452 - No code input for Bsp Dependency
2025-03-20 20:51:15,910 [INFO] CodeEngine:263 - oldGeneratedFile, /home/senyaa/Projects/Arduino/Arduino_RX_TX/STM32IDE_WorkspaceFolder/Arduino_TX_HAL/MXTmpFiles/rtos_inc.tmp_save
2025-03-20 20:51:15,964 [INFO] CodeEngine:287 - Generated code: /home/senyaa/Projects/Arduino/Arduino_RX_TX/STM32IDE_WorkspaceFolder/Arduino_TX_HAL/MXTmpFiles/rtos_inc.tmp
2025-03-20 20:51:15,965 [INFO] CodeEngine:263 - oldGeneratedFile, /home/senyaa/Projects/Arduino/Arduino_RX_TX/STM32IDE_WorkspaceFolder/Arduino_TX_HAL/MXTmpFiles/rtos_kernelInit.tmp_save
2025-03-20 20:51:16,005 [INFO] CodeEngine:287 - Generated code: /home/senyaa/Projects/Arduino/Arduino_RX_TX/STM32IDE_WorkspaceFolder/Arduino_TX_HAL/MXTmpFiles/rtos_kernelInit.tmp
2025-03-20 20:51:16,007 [INFO] CodeEngine:263 - oldGeneratedFile, /home/senyaa/Projects/Arduino/Arduino_RX_TX/STM32IDE_WorkspaceFolder/Arduino_TX_HAL/MXTmpFiles/rtos_kernelStart.tmp_save
2025-03-20 20:51:16,044 [INFO] CodeEngine:287 - Generated code: /home/senyaa/Projects/Arduino/Arduino_RX_TX/STM32IDE_WorkspaceFolder/Arduino_TX_HAL/MXTmpFiles/rtos_kernelStart.tmp
2025-03-20 20:51:16,045 [INFO] CodeEngine:263 - oldGeneratedFile, /home/senyaa/Projects/Arduino/Arduino_RX_TX/STM32IDE_WorkspaceFolder/Arduino_TX_HAL/MXTmpFiles/rtos_typedefs.tmp_save
2025-03-20 20:51:16,084 [INFO] CodeEngine:287 - Generated code: /home/senyaa/Projects/Arduino/Arduino_RX_TX/STM32IDE_WorkspaceFolder/Arduino_TX_HAL/MXTmpFiles/rtos_typedefs.tmp
2025-03-20 20:51:16,085 [INFO] CodeEngine:263 - oldGeneratedFile, /home/senyaa/Projects/Arduino/Arduino_RX_TX/STM32IDE_WorkspaceFolder/Arduino_TX_HAL/MXTmpFiles/rtos_vars.tmp_save
2025-03-20 20:51:16,126 [INFO] CodeEngine:287 - Generated code: /home/senyaa/Projects/Arduino/Arduino_RX_TX/STM32IDE_WorkspaceFolder/Arduino_TX_HAL/MXTmpFiles/rtos_vars.tmp
2025-03-20 20:51:16,127 [INFO] CodeEngine:263 - oldGeneratedFile, /home/senyaa/Projects/Arduino/Arduino_RX_TX/STM32IDE_WorkspaceFolder/Arduino_TX_HAL/MXTmpFiles/rtos_pfp.tmp_save
2025-03-20 20:51:16,165 [INFO] CodeEngine:287 - Generated code: /home/senyaa/Projects/Arduino/Arduino_RX_TX/STM32IDE_WorkspaceFolder/Arduino_TX_HAL/MXTmpFiles/rtos_pfp.tmp
2025-03-20 20:51:16,166 [INFO] CodeEngine:263 - oldGeneratedFile, /home/senyaa/Projects/Arduino/Arduino_RX_TX/STM32IDE_WorkspaceFolder/Arduino_TX_HAL/MXTmpFiles/rtos_obj_creat.tmp_save
2025-03-20 20:51:16,208 [INFO] CodeEngine:287 - Generated code: /home/senyaa/Projects/Arduino/Arduino_RX_TX/STM32IDE_WorkspaceFolder/Arduino_TX_HAL/MXTmpFiles/rtos_obj_creat.tmp
2025-03-20 20:51:16,209 [INFO] CodeEngine:263 - oldGeneratedFile, /home/senyaa/Projects/Arduino/Arduino_RX_TX/STM32IDE_WorkspaceFolder/Arduino_TX_HAL/MXTmpFiles/rtos_default_thread.tmp_save
2025-03-20 20:51:16,249 [INFO] CodeEngine:287 - Generated code: /home/senyaa/Projects/Arduino/Arduino_RX_TX/STM32IDE_WorkspaceFolder/Arduino_TX_HAL/MXTmpFiles/rtos_default_thread.tmp
2025-03-20 20:51:16,250 [INFO] CodeEngine:263 - oldGeneratedFile, /home/senyaa/Projects/Arduino/Arduino_RX_TX/STM32IDE_WorkspaceFolder/Arduino_TX_HAL/MXTmpFiles/rtos_threads.tmp_save
2025-03-20 20:51:16,289 [INFO] CodeEngine:287 - Generated code: /home/senyaa/Projects/Arduino/Arduino_RX_TX/STM32IDE_WorkspaceFolder/Arduino_TX_HAL/MXTmpFiles/rtos_threads.tmp
2025-03-20 20:51:16,291 [INFO] CodeEngine:263 - oldGeneratedFile, /home/senyaa/Projects/Arduino/Arduino_RX_TX/STM32IDE_WorkspaceFolder/Arduino_TX_HAL/Core/Inc/FreeRTOSConfig.h_save
2025-03-20 20:51:16,346 [INFO] CodeEngine:287 - Generated code: /home/senyaa/Projects/Arduino/Arduino_RX_TX/STM32IDE_WorkspaceFolder/Arduino_TX_HAL/Core/Inc/FreeRTOSConfig.h
2025-03-20 20:51:16,347 [INFO] CodeEngine:263 - oldGeneratedFile, /home/senyaa/Projects/Arduino/Arduino_RX_TX/STM32IDE_WorkspaceFolder/Arduino_TX_HAL/Core/Src/freertos.c_save
2025-03-20 20:51:16,412 [INFO] CodeEngine:287 - Generated code: /home/senyaa/Projects/Arduino/Arduino_RX_TX/STM32IDE_WorkspaceFolder/Arduino_TX_HAL/Core/Src/freertos.c
2025-03-20 20:51:16,414 [INFO] CodeEngine:263 - oldGeneratedFile, /home/senyaa/Projects/Arduino/Arduino_RX_TX/STM32IDE_WorkspaceFolder/Arduino_TX_HAL/Core/Src/adc.c_save
2025-03-20 20:51:16,489 [INFO] CodeEngine:287 - Generated code: /home/senyaa/Projects/Arduino/Arduino_RX_TX/STM32IDE_WorkspaceFolder/Arduino_TX_HAL/Core/Src/adc.c
2025-03-20 20:51:16,490 [INFO] CodeEngine:263 - oldGeneratedFile, /home/senyaa/Projects/Arduino/Arduino_RX_TX/STM32IDE_WorkspaceFolder/Arduino_TX_HAL/Core/Inc/adc.h_save
2025-03-20 20:51:16,545 [INFO] CodeEngine:287 - Generated code: /home/senyaa/Projects/Arduino/Arduino_RX_TX/STM32IDE_WorkspaceFolder/Arduino_TX_HAL/Core/Inc/adc.h
2025-03-20 20:51:16,546 [INFO] CodeEngine:263 - oldGeneratedFile, /home/senyaa/Projects/Arduino/Arduino_RX_TX/STM32IDE_WorkspaceFolder/Arduino_TX_HAL/Core/Src/crc.c_save
2025-03-20 20:51:16,606 [INFO] CodeEngine:287 - Generated code: /home/senyaa/Projects/Arduino/Arduino_RX_TX/STM32IDE_WorkspaceFolder/Arduino_TX_HAL/Core/Src/crc.c
2025-03-20 20:51:16,607 [INFO] CodeEngine:263 - oldGeneratedFile, /home/senyaa/Projects/Arduino/Arduino_RX_TX/STM32IDE_WorkspaceFolder/Arduino_TX_HAL/Core/Inc/crc.h_save
2025-03-20 20:51:16,649 [INFO] CodeEngine:287 - Generated code: /home/senyaa/Projects/Arduino/Arduino_RX_TX/STM32IDE_WorkspaceFolder/Arduino_TX_HAL/Core/Inc/crc.h
2025-03-20 20:51:16,667 [INFO] CodeEngine:263 - oldGeneratedFile, /home/senyaa/Projects/Arduino/Arduino_RX_TX/STM32IDE_WorkspaceFolder/Arduino_TX_HAL/Core/Src/dma.c_save
2025-03-20 20:51:16,711 [INFO] CodeEngine:287 - Generated code: /home/senyaa/Projects/Arduino/Arduino_RX_TX/STM32IDE_WorkspaceFolder/Arduino_TX_HAL/Core/Src/dma.c
2025-03-20 20:51:16,712 [INFO] CodeEngine:263 - oldGeneratedFile, /home/senyaa/Projects/Arduino/Arduino_RX_TX/STM32IDE_WorkspaceFolder/Arduino_TX_HAL/Core/Inc/dma.h_save
2025-03-20 20:51:16,759 [INFO] CodeEngine:287 - Generated code: /home/senyaa/Projects/Arduino/Arduino_RX_TX/STM32IDE_WorkspaceFolder/Arduino_TX_HAL/Core/Inc/dma.h
2025-03-20 20:51:16,761 [INFO] CodeEngine:263 - oldGeneratedFile, /home/senyaa/Projects/Arduino/Arduino_RX_TX/STM32IDE_WorkspaceFolder/Arduino_TX_HAL/Core/Src/fsmc.c_save
2025-03-20 20:51:16,809 [INFO] CodeEngine:287 - Generated code: /home/senyaa/Projects/Arduino/Arduino_RX_TX/STM32IDE_WorkspaceFolder/Arduino_TX_HAL/Core/Src/fsmc.c
2025-03-20 20:51:16,810 [INFO] CodeEngine:263 - oldGeneratedFile, /home/senyaa/Projects/Arduino/Arduino_RX_TX/STM32IDE_WorkspaceFolder/Arduino_TX_HAL/Core/Inc/fsmc.h_save
2025-03-20 20:51:16,851 [INFO] CodeEngine:287 - Generated code: /home/senyaa/Projects/Arduino/Arduino_RX_TX/STM32IDE_WorkspaceFolder/Arduino_TX_HAL/Core/Inc/fsmc.h
2025-03-20 20:51:16,853 [INFO] CodeEngine:263 - oldGeneratedFile, /home/senyaa/Projects/Arduino/Arduino_RX_TX/STM32IDE_WorkspaceFolder/Arduino_TX_HAL/Core/Src/i2c.c_save
2025-03-20 20:51:16,910 [INFO] CodeEngine:287 - Generated code: /home/senyaa/Projects/Arduino/Arduino_RX_TX/STM32IDE_WorkspaceFolder/Arduino_TX_HAL/Core/Src/i2c.c
2025-03-20 20:51:16,911 [INFO] CodeEngine:263 - oldGeneratedFile, /home/senyaa/Projects/Arduino/Arduino_RX_TX/STM32IDE_WorkspaceFolder/Arduino_TX_HAL/Core/Inc/i2c.h_save
2025-03-20 20:51:16,950 [INFO] CodeEngine:287 - Generated code: /home/senyaa/Projects/Arduino/Arduino_RX_TX/STM32IDE_WorkspaceFolder/Arduino_TX_HAL/Core/Inc/i2c.h
2025-03-20 20:51:16,952 [INFO] CodeEngine:263 - oldGeneratedFile, /home/senyaa/Projects/Arduino/Arduino_RX_TX/STM32IDE_WorkspaceFolder/Arduino_TX_HAL/Core/Src/spi.c_save
2025-03-20 20:51:17,010 [INFO] CodeEngine:287 - Generated code: /home/senyaa/Projects/Arduino/Arduino_RX_TX/STM32IDE_WorkspaceFolder/Arduino_TX_HAL/Core/Src/spi.c
2025-03-20 20:51:17,011 [INFO] CodeEngine:263 - oldGeneratedFile, /home/senyaa/Projects/Arduino/Arduino_RX_TX/STM32IDE_WorkspaceFolder/Arduino_TX_HAL/Core/Inc/spi.h_save
2025-03-20 20:51:17,055 [INFO] CodeEngine:287 - Generated code: /home/senyaa/Projects/Arduino/Arduino_RX_TX/STM32IDE_WorkspaceFolder/Arduino_TX_HAL/Core/Inc/spi.h
2025-03-20 20:51:17,058 [INFO] CodeEngine:263 - oldGeneratedFile, /home/senyaa/Projects/Arduino/Arduino_RX_TX/STM32IDE_WorkspaceFolder/Arduino_TX_HAL/Core/Src/tim.c_save
2025-03-20 20:51:17,123 [INFO] CodeEngine:287 - Generated code: /home/senyaa/Projects/Arduino/Arduino_RX_TX/STM32IDE_WorkspaceFolder/Arduino_TX_HAL/Core/Src/tim.c
2025-03-20 20:51:17,124 [INFO] CodeEngine:263 - oldGeneratedFile, /home/senyaa/Projects/Arduino/Arduino_RX_TX/STM32IDE_WorkspaceFolder/Arduino_TX_HAL/Core/Inc/tim.h_save
2025-03-20 20:51:17,185 [INFO] CodeEngine:287 - Generated code: /home/senyaa/Projects/Arduino/Arduino_RX_TX/STM32IDE_WorkspaceFolder/Arduino_TX_HAL/Core/Inc/tim.h
2025-03-20 20:51:17,188 [INFO] CodeEngine:263 - oldGeneratedFile, /home/senyaa/Projects/Arduino/Arduino_RX_TX/STM32IDE_WorkspaceFolder/Arduino_TX_HAL/Core/Src/usart.c_save
2025-03-20 20:51:17,260 [INFO] CodeEngine:287 - Generated code: /home/senyaa/Projects/Arduino/Arduino_RX_TX/STM32IDE_WorkspaceFolder/Arduino_TX_HAL/Core/Src/usart.c
2025-03-20 20:51:17,261 [INFO] CodeEngine:263 - oldGeneratedFile, /home/senyaa/Projects/Arduino/Arduino_RX_TX/STM32IDE_WorkspaceFolder/Arduino_TX_HAL/Core/Inc/usart.h_save
2025-03-20 20:51:17,304 [INFO] CodeEngine:287 - Generated code: /home/senyaa/Projects/Arduino/Arduino_RX_TX/STM32IDE_WorkspaceFolder/Arduino_TX_HAL/Core/Inc/usart.h
2025-03-20 20:51:17,310 [INFO] CodeEngine:263 - oldGeneratedFile, /home/senyaa/Projects/Arduino/Arduino_RX_TX/STM32IDE_WorkspaceFolder/Arduino_TX_HAL/USB_HOST/App/usb_host.c_save
2025-03-20 20:51:17,357 [INFO] CodeEngine:287 - Generated code: /home/senyaa/Projects/Arduino/Arduino_RX_TX/STM32IDE_WorkspaceFolder/Arduino_TX_HAL/USB_HOST/App/usb_host.c
2025-03-20 20:51:17,358 [INFO] CodeEngine:263 - oldGeneratedFile, /home/senyaa/Projects/Arduino/Arduino_RX_TX/STM32IDE_WorkspaceFolder/Arduino_TX_HAL/USB_HOST/App/usb_host.h_save
2025-03-20 20:51:17,401 [INFO] CodeEngine:287 - Generated code: /home/senyaa/Projects/Arduino/Arduino_RX_TX/STM32IDE_WorkspaceFolder/Arduino_TX_HAL/USB_HOST/App/usb_host.h
2025-03-20 20:51:17,402 [INFO] CodeEngine:263 - oldGeneratedFile, /home/senyaa/Projects/Arduino/Arduino_RX_TX/STM32IDE_WorkspaceFolder/Arduino_TX_HAL/USB_HOST/Target/usbh_conf.h_save
2025-03-20 20:51:17,445 [INFO] CodeEngine:287 - Generated code: /home/senyaa/Projects/Arduino/Arduino_RX_TX/STM32IDE_WorkspaceFolder/Arduino_TX_HAL/USB_HOST/Target/usbh_conf.h
2025-03-20 20:51:17,446 [INFO] CodeEngine:263 - oldGeneratedFile, /home/senyaa/Projects/Arduino/Arduino_RX_TX/STM32IDE_WorkspaceFolder/Arduino_TX_HAL/USB_HOST/Target/usbh_conf.c_save
2025-03-20 20:51:17,493 [INFO] CodeEngine:287 - Generated code: /home/senyaa/Projects/Arduino/Arduino_RX_TX/STM32IDE_WorkspaceFolder/Arduino_TX_HAL/USB_HOST/Target/usbh_conf.c
2025-03-20 20:51:17,495 [INFO] CodeEngine:263 - oldGeneratedFile, /home/senyaa/Projects/Arduino/Arduino_RX_TX/STM32IDE_WorkspaceFolder/Arduino_TX_HAL/USB_HOST/Target/usbh_platform.c_save
2025-03-20 20:51:17,538 [INFO] CodeEngine:287 - Generated code: /home/senyaa/Projects/Arduino/Arduino_RX_TX/STM32IDE_WorkspaceFolder/Arduino_TX_HAL/USB_HOST/Target/usbh_platform.c
2025-03-20 20:51:17,538 [INFO] CodeEngine:263 - oldGeneratedFile, /home/senyaa/Projects/Arduino/Arduino_RX_TX/STM32IDE_WorkspaceFolder/Arduino_TX_HAL/USB_HOST/Target/usbh_platform.h_save
2025-03-20 20:51:17,579 [INFO] CodeEngine:287 - Generated code: /home/senyaa/Projects/Arduino/Arduino_RX_TX/STM32IDE_WorkspaceFolder/Arduino_TX_HAL/USB_HOST/Target/usbh_platform.h
2025-03-20 20:51:17,585 [INFO] CodeEngine:263 - oldGeneratedFile, /home/senyaa/Projects/Arduino/Arduino_RX_TX/STM32IDE_WorkspaceFolder/Arduino_TX_HAL/Core/Src/stm32f4xx_it.c_save
2025-03-20 20:51:17,633 [INFO] CodeEngine:287 - Generated code: /home/senyaa/Projects/Arduino/Arduino_RX_TX/STM32IDE_WorkspaceFolder/Arduino_TX_HAL/Core/Src/stm32f4xx_it.c
2025-03-20 20:51:17,634 [INFO] CodeEngine:263 - oldGeneratedFile, /home/senyaa/Projects/Arduino/Arduino_RX_TX/STM32IDE_WorkspaceFolder/Arduino_TX_HAL/Core/Inc/stm32f4xx_it.h_save
2025-03-20 20:51:17,676 [INFO] CodeEngine:287 - Generated code: /home/senyaa/Projects/Arduino/Arduino_RX_TX/STM32IDE_WorkspaceFolder/Arduino_TX_HAL/Core/Inc/stm32f4xx_it.h
2025-03-20 20:51:17,683 [INFO] CodeEngine:263 - oldGeneratedFile, /home/senyaa/Projects/Arduino/Arduino_RX_TX/STM32IDE_WorkspaceFolder/Arduino_TX_HAL/Core/Src/stm32f4xx_hal_msp.c_save
2025-03-20 20:51:17,745 [INFO] CodeEngine:287 - Generated code: /home/senyaa/Projects/Arduino/Arduino_RX_TX/STM32IDE_WorkspaceFolder/Arduino_TX_HAL/Core/Src/stm32f4xx_hal_msp.c
2025-03-20 20:51:17,746 [INFO] CodeEngine:263 - oldGeneratedFile, /home/senyaa/Projects/Arduino/Arduino_RX_TX/STM32IDE_WorkspaceFolder/Arduino_TX_HAL/MXTmpFiles/system.tmp_save
2025-03-20 20:51:17,793 [INFO] CodeEngine:287 - Generated code: /home/senyaa/Projects/Arduino/Arduino_RX_TX/STM32IDE_WorkspaceFolder/Arduino_TX_HAL/MXTmpFiles/system.tmp
2025-03-20 20:51:17,796 [INFO] CodeEngine:319 - oldGeneratedFile, /home/senyaa/Projects/Arduino/Arduino_RX_TX/STM32IDE_WorkspaceFolder/Arduino_TX_HAL/Core/Inc/stm32f4xx_hal_conf.h_save
2025-03-20 20:51:17,844 [INFO] CodeEngine:343 - Generated code: /home/senyaa/Projects/Arduino/Arduino_RX_TX/STM32IDE_WorkspaceFolder/Arduino_TX_HAL/Core/Inc/stm32f4xx_hal_conf.h
2025-03-20 20:51:17,864 [INFO] CodeEngine:263 - oldGeneratedFile, /home/senyaa/Projects/Arduino/Arduino_RX_TX/STM32IDE_WorkspaceFolder/Arduino_TX_HAL/Core/Inc/main.h_save
2025-03-20 20:51:17,909 [INFO] CodeEngine:287 - Generated code: /home/senyaa/Projects/Arduino/Arduino_RX_TX/STM32IDE_WorkspaceFolder/Arduino_TX_HAL/Core/Inc/main.h
2025-03-20 20:51:17,910 [INFO] CodeEngine:263 - oldGeneratedFile, /home/senyaa/Projects/Arduino/Arduino_RX_TX/STM32IDE_WorkspaceFolder/Arduino_TX_HAL/Core/Src/main.c_save
2025-03-20 20:51:17,971 [INFO] CodeEngine:287 - Generated code: /home/senyaa/Projects/Arduino/Arduino_RX_TX/STM32IDE_WorkspaceFolder/Arduino_TX_HAL/Core/Src/main.c
2025-03-20 20:51:18,118 [INFO] ProjectBuilder:3324 - Time for Copy HAL[2] : 0mS.
2025-03-20 20:51:18,123 [INFO] ProjectBuilder:4912 - Project Generator version: 4.6.0-B36
2025-03-20 20:51:18,215 [INFO] ConfigFileManager:1590 - The Die is : DIE413
2025-03-20 20:51:19,038 [INFO] ProjectBuilder:5191 - Time for Generating toolchain IDE Files: 915mS.
2025-03-20 20:51:19,038 [INFO] ProjectBuilder:3181 - Time for Copy CMSIS : 0mS.
2025-03-20 20:51:19,039 [INFO] ProjectBuilder:3181 - Time for Copy CMSIS : 0mS.
2025-03-20 21:53:27,660 [INFO] UtilMem:75 - End SaveConfig() Used Memory: 719829424 Bytes (1073741824)
2025-03-20 21:53:37,268 [ERROR] LogOutputStream:75 - [STDERR_REDIRECT] Exception in thread "AWT-EventQueue-0" org.eclipse.swt.SWTException: Device is disposed
2025-03-20 21:53:37,269 [ERROR] LogOutputStream:75 - [STDERR_REDIRECT] 	at org.eclipse.swt.SWT.error(SWT.java:4922)
2025-03-20 21:53:37,269 [ERROR] LogOutputStream:75 - [STDERR_REDIRECT] 	at org.eclipse.swt.SWT.error(SWT.java:4837)
2025-03-20 21:53:37,269 [ERROR] LogOutputStream:75 - [STDERR_REDIRECT] 	at org.eclipse.swt.SWT.error(SWT.java:4808)
2025-03-20 21:53:37,269 [ERROR] LogOutputStream:75 - [STDERR_REDIRECT] 	at org.eclipse.swt.widgets.Display.error(Display.java:1551)
2025-03-20 21:53:37,269 [ERROR] LogOutputStream:75 - [STDERR_REDIRECT] 	at org.eclipse.swt.widgets.Display.asyncExec(Display.java:920)
2025-03-20 21:53:37,270 [ERROR] LogOutputStream:75 - [STDERR_REDIRECT] 	at com.st.stm32cube.common.mx.oss.core.awtswtbridge.AwtEnvironment$2.run(AwtEnvironment.java:168)
2025-03-20 21:53:37,270 [ERROR] LogOutputStream:75 - [STDERR_REDIRECT] 	at java.desktop/java.awt.event.InvocationEvent.dispatch(InvocationEvent.java:318)
2025-03-20 21:53:37,270 [ERROR] LogOutputStream:75 - [STDERR_REDIRECT] 	at java.desktop/java.awt.EventQueue.dispatchEventImpl(EventQueue.java:773)
2025-03-20 21:53:37,270 [ERROR] LogOutputStream:75 - [STDERR_REDIRECT] 	at java.desktop/java.awt.EventQueue$4.run(EventQueue.java:720)
2025-03-20 21:53:37,270 [ERROR] LogOutputStream:75 - [STDERR_REDIRECT] 	at java.desktop/java.awt.EventQueue$4.run(EventQueue.java:714)
2025-03-20 21:53:37,270 [ERROR] LogOutputStream:75 - [STDERR_REDIRECT] 	at java.base/java.security.AccessController.doPrivileged(AccessController.java:400)
2025-03-20 21:53:37,271 [ERROR] LogOutputStream:75 - [STDERR_REDIRECT] 	at java.base/java.security.ProtectionDomain$JavaSecurityAccessImpl.doIntersectionPrivilege(ProtectionDomain.java:87)
2025-03-20 21:53:37,271 [ERROR] LogOutputStream:75 - [STDERR_REDIRECT] 	at java.desktop/java.awt.EventQueue.dispatchEvent(EventQueue.java:742)
2025-03-20 21:53:37,271 [ERROR] LogOutputStream:75 - [STDERR_REDIRECT] 	at java.desktop/java.awt.EventDispatchThread.pumpOneEventForFilters(EventDispatchThread.java:203)
2025-03-20 21:53:37,271 [ERROR] LogOutputStream:75 - [STDERR_REDIRECT] 	at java.desktop/java.awt.EventDispatchThread.pumpEventsForFilter(EventDispatchThread.java:124)
2025-03-20 21:53:37,271 [ERROR] LogOutputStream:75 - [STDERR_REDIRECT] 	at java.desktop/java.awt.EventDispatchThread.pumpEventsForHierarchy(EventDispatchThread.java:113)
2025-03-20 21:53:37,271 [ERROR] LogOutputStream:75 - [STDERR_REDIRECT] 	at java.desktop/java.awt.EventDispatchThread.pumpEvents(EventDispatchThread.java:109)
2025-03-20 21:53:37,272 [ERROR] LogOutputStream:75 - [STDERR_REDIRECT] 	at java.desktop/java.awt.EventDispatchThread.pumpEvents(EventDispatchThread.java:101)
2025-03-20 21:53:37,272 [ERROR] LogOutputStream:75 - [STDERR_REDIRECT] 	at java.desktop/java.awt.EventDispatchThread.run(EventDispatchThread.java:90)
2025-03-20 21:53:37,431 [ERROR] LogOutputStream:75 - [STDERR_REDIRECT] 
